[{"model": "sessions.session", "pk": "2sxl1qh6tmfq7b5z46gtd46sdin9mipv", "fields": {"session_data": "MDdmOGIzNjNhMzc1MTJlMGU3NzlmMjBlMmYyNmM3YThiMzg2ZmM4ZTp7InVzZXJfaWQiOjYsInVzZXJfZW1haWwiOiJmYWl6dWxsYWguZnVhZEBub3J0aHNvdXRoLmVkdSJ9", "expire_date": "2020-10-30T19:34:20.317Z"}}, {"model": "sessions.session", "pk": "f51borpdchnr8bnhx89ufe7aekcxh7gp", "fields": {"session_data": "NjM0MGMwMDk0NDhlMGY5NmI5ZDRkMDM4NWRhZGFiZGVmZWQ3ZjMzYjp7InVzZXJfaWQiOjUsInVzZXJfZW1haWwiOiJyYWJieWhvc3NhaW40ODIyQGdtYWlsLmNvbSJ9", "expire_date": "2020-10-29T14:17:07.449Z"}}, {"model": "sessions.session", "pk": "gkmob462vf5c8crm286aqiohk8sbnqqq", "fields": {"session_data": "MDVmNzhiMzc3YjdjOTIyYmY5ZWU3ZDhlNDY1NjJlYzQ3MjcyODA3Yjp7Il9hdXRoX3VzZXJfaWQiOiIxIiwiX2F1dGhfdXNlcl9iYWNrZW5kIjoiZGphbmdvLmNvbnRyaWIuYXV0aC5iYWNrZW5kcy5Nb2RlbEJhY2tlbmQiLCJfYXV0aF91c2VyX2hhc2giOiI5OWNmMTg3MTg3NWVmZTdjZDQwZjEzZDFmYTBjNTA1Nzc5N2I4OWFiIn0=", "expire_date": "2020-10-26T11:18:21.882Z"}}, {"model": "sessions.session", "pk": "jozu274ou3um3zc7o7e0p05xluua8vtw", "fields": {"session_data": "OTNkMDlhZmNkZTljZWQxODg0YmFkNzZkYmI3OTlhZGI3ZGY1NzRjYTp7InVzZXJfaWQiOjEsInVzZXJfZW1haWwiOiJ1c2VyMUBnbWFpbC5jb20ifQ==", "expire_date": "2020-10-28T10:40:51.216Z"}}, {"model": "sessions.session", "pk": "puc3gjbmx2bydvllguvdkdsyte1c9np0", "fields": {"session_data": "ZTA5ZmI3Mjc3MGUzMTIwYjdiMzBlZjg1YzAzZjQ1ZDllOWFmNTMyZDp7InVzZXJfaWQiOjQsInVzZXJfZW1haWwiOiJzYW1lZTEyM0BnbWFpbC5jb20ifQ==", "expire_date": "2020-10-28T12:21:24.339Z"}}, {"model": "sessions.session", "pk": "q7a2dmpmzs0zt1qza8eke1vfanmm10ed", "fields": {"session_data": "MDVmNzhiMzc3YjdjOTIyYmY5ZWU3ZDhlNDY1NjJlYzQ3MjcyODA3Yjp7Il9hdXRoX3VzZXJfaWQiOiIxIiwiX2F1dGhfdXNlcl9iYWNrZW5kIjoiZGphbmdvLmNvbnRyaWIuYXV0aC5iYWNrZW5kcy5Nb2RlbEJhY2tlbmQiLCJfYXV0aF91c2VyX2hhc2giOiI5OWNmMTg3MTg3NWVmZTdjZDQwZjEzZDFmYTBjNTA1Nzc5N2I4OWFiIn0=", "expire_date": "2020-10-28T07:59:59.092Z"}}, {"model": "sessions.session", "pk": "rjd5xlflu3ryiynv45fqbl4x92nbf1v5", "fields": {"session_data": "OTNkMDlhZmNkZTljZWQxODg0YmFkNzZkYmI3OTlhZGI3ZGY1NzRjYTp7InVzZXJfaWQiOjEsInVzZXJfZW1haWwiOiJ1c2VyMUBnbWFpbC5jb20ifQ==", "expire_date": "2020-10-31T03:21:20.083Z"}}, {"model": "sessions.session", "pk": "rpufeofbv2ci5t9a2kqdkwu29tlopypa", "fields": {"session_data": "MDVmNzhiMzc3YjdjOTIyYmY5ZWU3ZDhlNDY1NjJlYzQ3MjcyODA3Yjp7Il9hdXRoX3VzZXJfaWQiOiIxIiwiX2F1dGhfdXNlcl9iYWNrZW5kIjoiZGphbmdvLmNvbnRyaWIuYXV0aC5iYWNrZW5kcy5Nb2RlbEJhY2tlbmQiLCJfYXV0aF91c2VyX2hhc2giOiI5OWNmMTg3MTg3NWVmZTdjZDQwZjEzZDFmYTBjNTA1Nzc5N2I4OWFiIn0=", "expire_date": "2020-10-28T05:13:56.448Z"}}, {"model": "sessions.session", "pk": "s2km6uam5zyr5codkyrcj03k1i26zdh2", "fields": {"session_data": "MDVmNzhiMzc3YjdjOTIyYmY5ZWU3ZDhlNDY1NjJlYzQ3MjcyODA3Yjp7Il9hdXRoX3VzZXJfaWQiOiIxIiwiX2F1dGhfdXNlcl9iYWNrZW5kIjoiZGphbmdvLmNvbnRyaWIuYXV0aC5iYWNrZW5kcy5Nb2RlbEJhY2tlbmQiLCJfYXV0aF91c2VyX2hhc2giOiI5OWNmMTg3MTg3NWVmZTdjZDQwZjEzZDFmYTBjNTA1Nzc5N2I4OWFiIn0=", "expire_date": "2020-10-26T10:14:15.469Z"}}, {"model": "sessions.session", "pk": "s8l768vk0fwjfrcrgqhjy23w9vsc1mma", "fields": {"session_data": "YmFmMmZhYTZiZjYwYmQxNWQ2ODYzMzM0NThjNWMxMThhYTNiMzA3Nzp7InVzZXJfaWQiOjIsInVzZXJfZW1haWwiOiJqdWJ1QGdtYWlsLmNvbSJ9", "expire_date": "2020-10-28T03:28:09.428Z"}}, {"model": "sessions.session", "pk": "tj4qpoa03fgm5xceb46wk1f81l6yw1v3", "fields": {"session_data": "OTNkMDlhZmNkZTljZWQxODg0YmFkNzZkYmI3OTlhZGI3ZGY1NzRjYTp7InVzZXJfaWQiOjEsInVzZXJfZW1haWwiOiJ1c2VyMUBnbWFpbC5jb20ifQ==", "expire_date": "2020-10-29T13:57:49.234Z"}}, {"model": "sessions.session", "pk": "u587i6a2vfw0umhq80urhsa0zpzfbn02", "fields": {"session_data": "MjVjOTM0ZmQ0ZjYwMjQ3NDNlOWYyYjYyMmE0MDJiNzM3YWIxODI0NTp7InVzZXJfaWQiOjMsInVzZXJfZW1haWwiOiJmYWl6dWxsYWhAZ21haWwuY29tIn0=", "expire_date": "2020-10-28T10:12:48.933Z"}}, {"model": "sessions.session", "pk": "zel12n6pwuq97awhodeyt9k9ah6ksnnd", "fields": {"session_data": "OTNkMDlhZmNkZTljZWQxODg0YmFkNzZkYmI3OTlhZGI3ZGY1NzRjYTp7InVzZXJfaWQiOjEsInVzZXJfZW1haWwiOiJ1c2VyMUBnbWFpbC5jb20ifQ==", "expire_date": "2020-10-29T09:34:35.933Z"}}, {"model": "sites.site", "pk": 1, "fields": {"domain": "example.com", "name": "example.com"}}, {"model": "Intense.user", "pk": 1, "fields": {"password": "pbkdf2_sha256$150000$eK4e9NXm8VWz$7sGCHBgfM8NH80lXtSJ1FOambayHSHKU8N2dCw5ljgY=", "last_login": "2020-10-14T07:59:59.090Z", "is_superuser": true, "username": null, "email": "user1@gmail.com", "is_verified": false, "is_active": true, "is_staff": true, "is_suplier": false, "created_at": "2020-10-12T10:12:25.902Z", "updated_at": "2020-10-12T10:12:25.906Z", "phone_number": "", "role": "", "pwd": "", "groups": [], "user_permissions": []}}, {"model": "Intense.user", "pk": 2, "fields": {"password": "pbkdf2_sha256$150000$5LoswtwzjRld$z1y3fG79sX71wmuaDz6it4QnC7TkEL/pRBdlvbyk9v8=", "last_login": null, "is_superuser": false, "username": "", "email": "jubu@gmail.com", "is_verified": true, "is_active": true, "is_staff": true, "is_suplier": false, "created_at": "2020-10-14T03:27:36.791Z", "updated_at": "2020-10-14T03:27:36.801Z", "phone_number": "", "role": "", "pwd": "12345678", "groups": [], "user_permissions": []}}, {"model": "Intense.user", "pk": 3, "fields": {"password": "pbkdf2_sha256$150000$fkhMTk5dNUDj$kc1w2BlWqHWLcKCFCPKpvu7W7swOVhq8b+/3zhYQcSk=", "last_login": null, "is_superuser": false, "username": null, "email": "faizullah@gmail.com", "is_verified": true, "is_active": true, "is_staff": false, "is_suplier": false, "created_at": "2020-10-14T10:12:48.241Z", "updated_at": "2020-10-14T10:12:48.251Z", "phone_number": "", "role": "", "pwd": "", "groups": [], "user_permissions": []}}, {"model": "Intense.user", "pk": 4, "fields": {"password": "pbkdf2_sha256$150000$bBS3sE1pOvXo$cwK4hGWa01ilCto8fFn4lf91qS9kWvHCctSGezuOR7M=", "last_login": null, "is_superuser": false, "username": null, "email": "samee123@gmail.com", "is_verified": true, "is_active": true, "is_staff": false, "is_suplier": false, "created_at": "2020-10-14T12:21:23.722Z", "updated_at": "2020-10-14T12:21:23.734Z", "phone_number": "", "role": "", "pwd": "", "groups": [], "user_permissions": []}}, {"model": "Intense.user", "pk": 5, "fields": {"password": "pbkdf2_sha256$150000$XOxVilC9ect2$bf7J69qxe17H5Li/iojj3ZcBgzqUeneqmckv6Hv3s+Q=", "last_login": null, "is_superuser": false, "username": null, "email": "rabbyhossain4822@gmail.com", "is_verified": true, "is_active": true, "is_staff": false, "is_suplier": false, "created_at": "2020-10-15T14:17:06.948Z", "updated_at": "2020-10-15T14:17:06.958Z", "phone_number": "", "role": "", "pwd": "", "groups": [], "user_permissions": []}}, {"model": "Intense.user", "pk": 6, "fields": {"password": "pbkdf2_sha256$150000$uUUnl4pGaCK7$0evaAf28wlFkomJVAQVRq/bcBEhBkHI3vpG1QqR+A6U=", "last_login": null, "is_superuser": false, "username": null, "email": "faizullah.fuad@northsouth.edu", "is_verified": true, "is_active": true, "is_staff": false, "is_suplier": false, "created_at": "2020-10-16T19:34:19.803Z", "updated_at": "2020-10-16T19:34:19.806Z", "phone_number": "", "role": "", "pwd": "", "groups": [], "user_permissions": []}}, {"model": "Intense.profile", "pk": 1, "fields": {"name": "", "email": "jubu@gmail.com", "profile_picture": "", "profile_picture_url": " ", "phone_number": "", "gender": "", "address": "", "area": "", "location": "", "user_id": 2}}, {"model": "Intense.profile", "pk": 2, "fields": {"name": "", "email": "faizullah@gmail.com", "profile_picture": "", "profile_picture_url": " ", "phone_number": "", "gender": "", "address": "", "area": "", "location": "", "user_id": 3}}, {"model": "Intense.profile", "pk": 3, "fields": {"name": "Samee", "email": "samee123@gmail.com", "profile_picture": "", "profile_picture_url": " ", "phone_number": "", "gender": "", "address": "", "area": "", "location": "", "user_id": 4}}, {"model": "Intense.profile", "pk": 4, "fields": {"name": "Rabby hossain", "email": "rabbyhossain4822@gmail.com", "profile_picture": "", "profile_picture_url": " ", "phone_number": "", "gender": "", "address": "", "area": "", "location": "", "user_id": 5}}, {"model": "Intense.profile", "pk": 5, "fields": {"name": "", "email": "faizullah.fuad@northsouth.edu", "profile_picture": "", "profile_picture_url": " ", "phone_number": "", "gender": "", "address": "", "area": "", "location": "", "user_id": 6}}, {"model": "Intense.user_relation", "pk": 1, "fields": {"verified_user_id": -1, "non_verified_user_id": 1}}, {"model": "Intense.user_relation", "pk": 2, "fields": {"verified_user_id": -1, "non_verified_user_id": 2}}, {"model": "Intense.user_relation", "pk": 3, "fields": {"verified_user_id": -1, "non_verified_user_id": 3}}, {"model": "Intense.user_relation", "pk": 4, "fields": {"verified_user_id": -1, "non_verified_user_id": 4}}, {"model": "Intense.user_relation", "pk": 5, "fields": {"verified_user_id": -1, "non_verified_user_id": 5}}, {"model": "Intense.user_relation", "pk": 6, "fields": {"verified_user_id": -1, "non_verified_user_id": 6}}, {"model": "Intense.user_relation", "pk": 7, "fields": {"verified_user_id": -1, "non_verified_user_id": 7}}, {"model": "Intense.user_relation", "pk": 8, "fields": {"verified_user_id": -1, "non_verified_user_id": 8}}, {"model": "Intense.user_relation", "pk": 9, "fields": {"verified_user_id": -1, "non_verified_user_id": 9}}, {"model": "Intense.user_relation", "pk": 10, "fields": {"verified_user_id": -1, "non_verified_user_id": 10}}, {"model": "Intense.user_relation", "pk": 11, "fields": {"verified_user_id": -1, "non_verified_user_id": 11}}, {"model": "Intense.user_relation", "pk": 12, "fields": {"verified_user_id": -1, "non_verified_user_id": 12}}, {"model": "Intense.user_relation", "pk": 13, "fields": {"verified_user_id": -1, "non_verified_user_id": 13}}, {"model": "Intense.user_relation", "pk": 14, "fields": {"verified_user_id": -1, "non_verified_user_id": 14}}, {"model": "Intense.user_balance", "pk": 1, "fields": {"wallet": 0.0, "point": 0.0, "dates": "2020-10-14T03:27:36.813Z", "user_id": 2, "ip_id": -1}}, {"model": "Intense.user_balance", "pk": 2, "fields": {"wallet": 0.0, "point": 0.0, "dates": "2020-10-14T10:12:48.262Z", "user_id": 3, "ip_id": -1}}, {"model": "Intense.user_balance", "pk": 3, "fields": {"wallet": 0.0, "point": 0.0, "dates": "2020-10-14T12:21:23.746Z", "user_id": 4, "ip_id": -1}}, {"model": "Intense.user_balance", "pk": 4, "fields": {"wallet": 0.0, "point": 0.0, "dates": "2020-10-15T14:17:06.970Z", "user_id": 5, "ip_id": -1}}, {"model": "Intense.user_balance", "pk": 5, "fields": {"wallet": 0.0, "point": 0.0, "dates": "2020-10-16T19:34:19.817Z", "user_id": 6, "ip_id": -1}}, {"model": "Intense.guest_user", "pk": 1, "fields": {"ip_address": "103.51.3.226", "Date": "2020-10-14", "non_verified_user_id": 1}}, {"model": "Intense.guest_user", "pk": 2, "fields": {"ip_address": "103.58.74.170", "Date": "2020-10-14", "non_verified_user_id": 2}}, {"model": "Intense.guest_user", "pk": 3, "fields": {"ip_address": "103.4.110.132", "Date": "2020-10-14", "non_verified_user_id": 3}}, {"model": "Intense.guest_user", "pk": 4, "fields": {"ip_address": "103.87.214.167", "Date": "2020-10-14", "non_verified_user_id": 4}}, {"model": "Intense.guest_user", "pk": 5, "fields": {"ip_address": "103.146.84.138", "Date": "2020-10-14", "non_verified_user_id": 5}}, {"model": "Intense.guest_user", "pk": 6, "fields": {"ip_address": "116.58.202.155", "Date": "2020-10-14", "non_verified_user_id": 6}}, {"model": "Intense.guest_user", "pk": 7, "fields": {"ip_address": "37.111.192.131", "Date": "2020-10-14", "non_verified_user_id": 7}}, {"model": "Intense.guest_user", "pk": 8, "fields": {"ip_address": "103.127.59.130", "Date": "2020-10-14", "non_verified_user_id": 8}}, {"model": "Intense.guest_user", "pk": 9, "fields": {"ip_address": "103.35.168.142", "Date": "2020-10-14", "non_verified_user_id": 9}}, {"model": "Intense.guest_user", "pk": 10, "fields": {"ip_address": "37.111.216.20", "Date": "2020-10-15", "non_verified_user_id": 10}}, {"model": "Intense.guest_user", "pk": 11, "fields": {"ip_address": "116.58.202.186", "Date": "2020-10-15", "non_verified_user_id": 11}}, {"model": "Intense.guest_user", "pk": 12, "fields": {"ip_address": "202.58.252.1", "Date": "2020-10-15", "non_verified_user_id": 12}}, {"model": "Intense.guest_user", "pk": 13, "fields": {"ip_address": "37.111.196.199", "Date": "2020-10-15", "non_verified_user_id": 13}}, {"model": "Intense.guest_user", "pk": 14, "fields": {"ip_address": "103.62.145.125", "Date": "2020-10-16", "non_verified_user_id": 14}}, {"model": "Intense.advertisement", "pk": 3, "fields": {"image": "Advertisement/advertisement01_HpssFC6.jpg", "ad_link": "www.mymarket.com.bd", "content": null, "click_count": 0, "view_count": 0, "total_click_count": 0, "total_view_count": 0, "priority": 2}}, {"model": "Intense.advertisement", "pk": 4, "fields": {"image": "Advertisement/advertisement02_qXvRWxf.jpg", "ad_link": "www.mymarket.com.bd", "content": null, "click_count": 0, "view_count": 0, "total_click_count": 0, "total_view_count": 0, "priority": 1}}, {"model": "Intense.advertisement", "pk": 5, "fields": {"image": "Advertisement/advertisement03.jpg", "ad_link": "www.mymarket.com.bd", "content": null, "click_count": 0, "view_count": 0, "total_click_count": 0, "total_view_count": 0, "priority": 2}}, {"model": "Intense.productimpression", "pk": 1, "fields": {"users": "[\"90\", \"1\", \"5\", \"6\"]", "product_id": 1, "view_count": 0, "click_count": 0, "cart_count": 3, "sales_count": 1, "non_verified_user": "[\"1\", \"4\", \"5\", \"14\"]", "dates": "2020-10-14T09:32:57.484Z"}}, {"model": "Intense.productimpression", "pk": 2, "fields": {"users": "[\"3\"]", "product_id": 4, "view_count": 0, "click_count": 0, "cart_count": 1, "sales_count": 0, "non_verified_user": "[\"1\"]", "dates": "2020-10-14T09:52:04.725Z"}}, {"model": "Intense.productimpression", "pk": 3, "fields": {"users": "[]", "product_id": 5, "view_count": 0, "click_count": 0, "cart_count": 0, "sales_count": 0, "non_verified_user": "[\"1\"]", "dates": "2020-10-14T09:59:17.828Z"}}, {"model": "Intense.productimpression", "pk": 4, "fields": {"users": "[\"1\"]", "product_id": 6, "view_count": 0, "click_count": 0, "cart_count": 0, "sales_count": 0, "non_verified_user": "[\"1\"]", "dates": "2020-10-14T09:59:56.862Z"}}, {"model": "Intense.productimpression", "pk": 5, "fields": {"users": "[\"6\"]", "product_id": 7, "view_count": 0, "click_count": 0, "cart_count": 1, "sales_count": 0, "non_verified_user": "[\"1\", \"5\"]", "dates": "2020-10-14T10:00:39.489Z"}}, {"model": "Intense.productimpression", "pk": 6, "fields": {"users": "[\"3\", \"1\"]", "product_id": 8, "view_count": 0, "click_count": 0, "cart_count": 1, "sales_count": 0, "non_verified_user": "[\"1\", \"5\", \"14\"]", "dates": "2020-10-14T10:03:38.462Z"}}, {"model": "Intense.companyinfo", "pk": 1, "fields": {"name": "My Market", "logo": "Logo/INTENSE-LOGO_SbJAwka.jpg", "address": "Road No. 03, Block: B, Niketan Housing Project, Gulshan: 01, Dhaka 1212", "icon": "Icon/INTENSE-LOGO.jpg", "Facebook": "www.facebook.com/intense", "twitter": "www.twitter.com/intense", "linkedin": "www.linkedin.com/intense", "youtube": "www.youtube.com/intense", "email": "intense@gmail.com", "phone": "+8801676444111", "help_center": "helpcenter.com", "About": "MyMarket.com.bd is a new online marketplace in Bangladesh; this B2C marketplace has been launched in September, 2020. Throughout the last two years, MyMarket has been observing the Bangladeshi online shoppers & now it has started the online business and becoming popular online marketplace in Bangladesh-both for the buyers & the sellers. We have accommodated more than 150000 products from around 500 different categories on our Site already. Just visit our Site & find all your needs & wants under a single platform. Every day we are adding around 1000 products to our categories. More than 2000 top rated sellers are working with us; all these merchants are trusted names in the online market in Bangladesh. They provide high quality products at a reasonable price to the customers of MyMarket.com. Simultaneously we always check product quality & verify product price in the market before displaying them in front of our customers. The vast range of our products includes automobile accessories, motorcycle, bi-cycle & accessories, apparels, ornaments, watches, cosmetics, perfumes, shoes & sandals, mobile phones, electronics, household appliances, kitchen appliances, gadgets, computer & computer accessories, laptops, foods & beverages, sports items, books & CD, musical instruments, home decoration products & what not!", "policy": "[\"Data that we collect:  We may collect various pieces of information if you seek to place an order for a product with us on the Site.\", \"We collect- store- and process your data for processing your purchase on the Site and any possible later claims- and to provide you with our services. We may collect personal information including- but not limited to- your title- name- gender- date of birth- email address- postal address- delivery address (if different)- telephone number- mobile number- fax number- payment details- payment card details or bank account details.\", \"We will use the information you provide to enable us to process your orders and to provide you with the services and information offered through our website and which you request. Further- we will use the information you provide to administer your account with us; verify and carry out financial transactions in relation to payments you make; audit the downloading of data from our website; improve the layout and/or content of the pages of our website and customize them for users; identify visitors on our website; carry out research on our users' demographics; send you information we think you may find useful or which you have requested from us- including information about our products and services- provided you have indicated that you have not objected to being contacted for these purposes. Subject to obtaining your consent we may contact you by email with details of other products and services. If you prefer not to receive any marketing communications from us- you can opt-out at any time.\", \"We may pass your name and address on to a third party in order to make delivery of the product to you (for example to our courier or supplier). You must only submit to us the Site information which is accurate and not misleading and you must keep it up to date and inform us of changes.\", \"Your actual order details may be stored with us but for security reasons cannot be retrieved directly by us. However- you may access this information by logging into your account on the Site. Here you can view the details of your orders that have been completed- those which are open and those which are short to be dispatched and administer your address details- bank details (for refund purposes)- and any newsletter to which you may have subscribed. You undertake to treat the personal access data confidentially and not make it available to unauthorized third parties. We cannot assume any liability for the misuse of passwords unless this misuse is our fault.\", \"Other uses of your Personal Information: We may use your personal information for opinion and market research. Your details are anonymous and will only be used for statistical purposes. You can choose to opt-out of this at any time. Any answers to surveys or opinion polls we may ask you to complete will not be forwarded on to third parties. Disclosing your email address is only necessary if you would like to take part in competitions. We save the answers to our surveys separately from your email address.\", \"We may also send you other information about us- the Site- our other websites- our products- sales promotions- our newsletters- anything relating to other companies in our group- or our business partners. If you would prefer not to receive any of this additional information as detailed in this paragraph (or any part of it) please click the 'unsubscribe' link in any email that we send to you. Within 7 working days (days which are neither (i) a Sunday- nor (ii) a public holiday anywhere in Bangladesh) of receipt of your instruction- we will cease to send you information as requested. If your instruction is unclear we will contact you for clarification.\", \"We may further anonymize data about users of the Site generally and use it for various purposes- including ascertaining the general location of the users and usage of certain aspects of the Site or a link contained in an email to those registered to receive them and supplying that anonymized data to third parties such as publishers. However- anonymized data will not be capable of identifying you personally.\", \"Competitions: For any competition- we use the data to notify the winners and advertise our offers. You can find more details where applicable in our participation terms for the respective competition.\", \"Third Parties and Links: We may pass your details to other companies in our group. We may also pass your details to our agents and subcontractors to help us with any of our uses of your data set out in our Privacy Policy. For example- we may use third parties to assist us with delivering products to you- to help us to collect payments from you- to analyze data and to provide us with marketing or customer service assistance.\", \"We may exchange information with third parties for the purposes of fraud protection and credit risk reduction. We may transfer our databases containing your personal information if we sell our business or part of it. Other than as set out in this Privacy Policy- we shall NOT sell or disclose your personal data to third parties without obtaining your prior consent unless this is necessary for the purposes set out in this Privacy Policy or unless we are required to do so by law. The Site may contain advertising of third parties and links to other sites or frames of other sites. Please be aware that we are not responsible for the privacy practices or content of those third parties or other sites- nor for any third party to whom we transfer your data in accordance with our Privacy Policy.\", \"Cookies: The acceptance of cookies is not a requirement for visiting the Site. However- we would like to point out that the use of the 'basket' functionality on the Site and ordering is only possible with the activation of cookies. Cookies are tiny text files that identify your computer to our server as a unique user when you visit certain pages on the Site and they are stored by your Internet browser on your computer's hard drive. Cookies can be used to recognize your Internet Protocol address- saving you time while you are on- or want to enter- the Site. We only use cookies for your convenience in using the Site (for example to remember who you are when you want to amend your shopping cart without having to re-enter your email address) and not for obtaining or using any other information about you (for example targeted advertising). Your browser can be set to not accept cookies- but this would restrict your use of the Site. Please accept our assurance that our use of cookies does not contain any personal or private details and are free from viruses. If you want to find out more information about cookies- go to http://www.allaboutcookies.org or to find out about removing them from your browser- go to http://www.allaboutcookies.org/manage-cookies/index.html.  This website uses Google Analytics- a web analytics service provided by Google- Inc. (\\\"Google\\\"). Google Analytics uses cookies- which are text files placed on your computer- to help the website analyze how users use the site. The information generated by the cookie about your use of the website (including your IP address) will be transmitted to and stored by Google on servers in the United States. Google will use this information for the purpose of evaluating your use of the website- compiling reports on website activity for website operators- and providing other services relating to website activity and internet usage. Google may also transfer this information to third parties where required to do so by law- or where such third parties process the information on Google's behalf. Google will not associate your IP address with any other data held by Google. You may refuse the use of cookies by selecting the appropriate settings on your browser- however- please note that if you do this you may not be able to use the full functionality of this website. By using this website- you consent to the processing of data about you by Google in the manner and for the purposes set out above.\", \"Security: We have in place appropriate technical and security measures to prevent unauthorized or unlawful access to or accidental loss of or destruction or damage to your information. When we collect data through the Site- we collect your personal details on a secure server. We use firewalls on our servers. Our security procedures mean that we may occasionally request proof of identity before we disclose personal information to you. You are responsible for protecting against unauthorized access to your password and to your computer.\", \"Your rights: If you are concerned about your data you have the right to request access to the personal data which we may hold or process about you. You have the right to require us to correct any inaccuracies in your data free of charge. At any stage- you also have the right to ask us to stop using your personal data for direct marketing purposes.\"]", "terms_condition": "[\"Welcome to Mymarket.com.bd also hereby known as \\u201cwe\\\"- \\\"us\\\" or \\\"My Market\\\". We are an online marketplace and these are the terms and conditions governing your access and use of My Market along with its related sub-domains- sites- mobile app- services- and tools (the \\\"Site\\\"). By using the Site- you hereby accept these terms and conditions (including the linked information herein) and represent that you agree to comply with these terms and conditions (the \\\"User Agreement\\\"). This User Agreement is deemed effective upon your use of the Site which signifies your acceptance of these terms. If you do not agree to be bound by this User Agreement please do not access- register with- or use this Site. This Site is owned and operated by My Market Limited- a company incorporated under the Companies Act- 1994- (Registration Number: ------------).  The Site reserves the right to change- modify- add- or remove portions of these Terms and Conditions at any time without any prior notification. Changes will be effective when posted on the Site with no other notice provided. Please check these Terms and Conditions regularly for updates. Your continued use of the Site following the posting of changes to Terms and Conditions of use constitutes your acceptance of those changes.\", \"To access certain services offered by the platform- we may require that you create an account with us or provide personal information to complete the creation of an account. We may at any time in our sole and absolute discretion- invalidate the username and/or password without giving any reason or prior notice and shall not be liable or responsible for any losses suffered by- caused by- arising out of- in connection with- or by reason of such request or invalidation.\", \"You are responsible for maintaining the confidentiality of your user identification- password- account details- and related private information. You agree to accept this responsibility and ensure your account and its related details are maintained securely at all times and all necessary steps are taken to prevent misuse of your account. You should inform us immediately if you have any reason to believe that your password has become known to anyone else- or if the password is being- or is likely to be- used in an unauthorized manner. You agree and acknowledge that any use of the Site and related services offered and/or any access to private information- data or communications using your account and password shall be deemed to be either performed by you or authorized by you as the case may be. You agree to be bound by any access of the Site and/or use of any services offered by the Site (whether such access or use are authorized by you or not). You agree that we shall be entitled (but not obliged) to act upon- rely on- or hold you solely responsible and liable in respect thereof as if the same were carried out or transmitted by you. You further agree and acknowledge that you shall be bound by and agree to fully indemnify us against any and all losses arising from the use of or access to the Site through your account.\", \"Please ensure that the details you provide us with are correct and complete at all times. You are obligated to update details about your account in real-time by accessing your account online. For pieces of information you are not able to update by accessing Your Account on the Site- you must inform us via our customer service communication channels to assist you with these changes. We reserve the right to refuse access to the Site- terminate accounts- remove or edit content at any time without prior notice to you. We may at any time in our sole and absolute discretion- request that you update your Personal Data or forthwith invalidate the account or related details without giving any reason or prior notice and shall not be liable or responsible for any losses suffered by or caused by you or arising out of or in connection with or by reason of such request or invalidation. You hereby agree to change your password from time to time and to keep your account secure and also shall be responsible for the confidentiality of your account and liable for any disclosure or use (whether such use is authorized or not) of the username and/or password.\", \"Please review our Privacy Agreement- which also governs your visit to the Site. The personal information/data provided to us by you or your use of the Site will be treated as strictly confidential- in accordance with the Privacy Agreement and applicable laws and regulations. If you object to your information being transferred or used in the manner specified in the Privacy Agreement- please do not use the Site.\", \"You agree- understand- and acknowledge that the Site is an online platform that enables you to purchase products listed at the price indicated therein at any time from any location using a payment method of your choice. You further agree and acknowledge that we are only a facilitator and cannot be a party to or control in any manner any transactions on the Site or on a payment gateway as made available to you by an independent service provider. Accordingly- the contract of sale of products on the Site shall be a strictly bipartite contract between you and the sellers on our Site while the payment processing occurs between you- the service provider and in case of prepayments with electronic cards your issuer bank. Accordingly- the contract of payment on the Site shall be strictly a bipartite contract between you and the service provider as listed on our Site.\", \"We will do our utmost to ensure that access to the Site is consistently available and is uninterrupted and error-free. However- due to the nature of the Internet and the nature of the Site- this cannot be guaranteed. Additionally- your access to the Site may also be occasionally suspended or restricted to allow for repairs- maintenance- or the introduction of new facilities or services at any time without prior notice. We will attempt to limit the frequency and duration of any such suspension or restriction.\", \"We require that by accessing the Site- you confirm that you can form legally binding contracts and therefore you confirm that you are at least 18 years of age or are accessing the Site under the supervision of a parent or legal guardian. We grant you a non-transferable- revocable and non-exclusive license to use the Site- in accordance with the Terms and Conditions described herein- for the purposes of shopping for personal items and services as listed to be sold on the Site. Commercial use or use on behalf of any third party is prohibited- except as explicitly permitted by us in advance. If you are registering as a business entity- you represent that you have the authority to bind that entity to this User Agreement and that you and the business entity will comply with all applicable laws relating to online trading. No person or business entity may register as a member of the Site more than once. Any breach of these Terms and Conditions shall result in the immediate revocation of the license granted in this paragraph without notice to you.\", \"Content provided on this Site is solely for informational purposes. Product representations including price- available stock- features- add-ons- and any other details as expressed on this Site are the responsibility of the vendors displaying them and is not guaranteed as completely accurate by us. Submissions or opinions expressed on this Site are those of the individual(s) posting such content and may not reflect our opinions.\", \"We grant you a limited license to access and make personal use of this Site- but not to download (excluding page caches) or modify the Site or any portion of it in any manner. This license does not include any resale or commercial use of this Site or its contents; any collection and use of any product listings- descriptions- or prices; any derivative use of this Site or its contents; any downloading or copying of account information for the benefit of another seller; or any use of data mining- robots- or similar data gathering and extraction tools.\", \"This Site or any portion of it (including but not limited to any copyrighted material- trademarks- or other proprietary information) may not be reproduced- duplicated- copied- sold- resold- visited- distributed- or otherwise exploited for any commercial purpose without express written consent by us as may be applicable.\", \"You may not frame or use framing techniques to enclose any trademark- logo- or other proprietary information (including images- text- page layout- or form) without our express written consent. You may not use any meta tags or any other text utilizing our name or trademark without our express written consent- as applicable. Any unauthorized use terminates the permission or license granted by us to you for access to the Site with no prior notice. You may not use our logo or other proprietary graphic or trademark as part of an external link for commercial or other purposes without our express written consent- as may be applicable.\", \"You agree and undertake not to perform restricted activities listed within this section; undertaking these activities will result in immediate cancellation of your account- services- reviews- orders- or any existing incomplete transaction with us and in severe cases may also result in a legal action:   Refusal to comply with the Terms and Conditions described herein or any other guidelines and policies related to the use of the Site is available on the Site at all times. Impersonate any person or entity or to falsely state or otherwise misrepresent your affiliation with any person or entity.  Use the Site for illegal purposes.  Attempt to gain unauthorized access to or otherwise interfere or disrupt other computer systems or networks connected to the Platform or Services.  Interfere with another\\u2019s utilization and enjoyment of the Site; Post- promote- or transmit through the Site any prohibited materials as deemed illegal by The People's Republic of Bangladesh.  Use or upload- in any way- any software or material that contains- or which you have reason to suspect that contains- viruses- damaging components- malicious code or harmful components which may impair or corrupt the Site\\u2019s data or damage or interfere with the operation of another Customer\\u2019s computer or mobile device or the Site and use the Site other than in conformance with the acceptable use policies of any connected computer networks- any applicable Internet standards- and any other applicable laws.\", \"You must not use the website in any way that causes- or is likely to cause- the Site or access to it to be interrupted- damaged- or impaired in any way. You must not engage in activities that could harm or potentially harm the Site- its employees- officers- representatives- stakeholders- or any other party directly or indirectly associated with the Site or access to it to be interrupted- damaged- or impaired in any way. You understand that you- and not us- are responsible for all electronic communications and content sent from your computer to us and you must use the Site for lawful purposes only. You are strictly prohibited from using the Site  for fraudulent purposes- or in connection with a criminal offense or other unlawful activity to send- use or reuse any material that does not belong to you; or is illegal- offensive (including but not limited to material that is sexually explicit content or which promotes racism- bigotry- hatred- or physical harm)- deceptive- misleading- abusive- indecent- harassing- blasphemous- defamatory- libelous- obscene- pornographic- pedophilic or menacing; ethnically objectionable- disparaging or in breach of copyright- trademark- confidentiality- privacy or any other proprietary information or right; or is otherwise injurious to third parties- or relates to or promotes money laundering or gambling; or is harmful to minors in any way- or impersonates another person; or threatens the unity- integrity- security or sovereignty of Bangladesh or friendly relations with foreign States; or objectionable or otherwise unlawful in any manner whatsoever; or which consists of or contains software viruses- political campaigning- commercial solicitation- chain letters- mass mailings or any \\\"spam\\u201d  Use the Site for illegal purposes to cause annoyance- inconvenience or needless anxiety for any other purposes that is other than what is intended by us.\", \"We list thousands of products for sale offered by numerous sellers on the Site and host multiple comments on listings- it is not possible for us to be aware of the contents of each product listed for sale- or each comment or review that is displayed.\", \"Accordingly- we operate on a \\\"claim- review- and takedown\\\" basis. If you believe that any content on the Site is illegal- offensive (including but not limited to material that is sexually explicit content or which promotes racism- bigotry- hatred- or physical harm)- deceptive- misleading- abusive- indecent- harassing- blasphemous- defamatory- libelous- obscene- pornographic- pedophilic or menacing; ethnically objectionable- disparaging; or is otherwise injurious to third parties; or relates to or promotes money laundering or gambling; or is harmful to minors in any way; or impersonates another person; or threatens the unity- integrity- security or sovereignty of Bangladesh or friendly relations with foreign States; or objectionable or otherwise unlawful in any manner whatsoever; or which consists of or contains software viruses- (\\\" objectionable content \\\")- please notify us immediately by following by writing to us on legal@mymarket.com.bd. We will make all practical endeavors to investigate and remove valid objectionable content complained about within a reasonable amount of time.\", \"Please ensure to provide your name- address- contact information- and as many relevant details of the claim including the name of the objectionable content party- instances of objection- proof of objection amongst others. Please note that providing incomplete details will render your claim invalid and unusable for legal purposes.\", \"We respect the intellectual property of others. If you believe that your intellectual property rights have been used in a way that gives rise to concerns of infringement- please write to us at legal@mymarket .com.bd and we will make all reasonable efforts to address your concern within a reasonable amount of time.\", \"Please ensure to provide your name- address- contact information- and as many relevant details of the claim including the name of the infringing party- instances of infringement- proof of infringement amongst others. Please note that providing incomplete details will render your claim invalid and unusable for legal purposes. In addition- providing false or misleading information may be considered a legal offense and may be followed by legal proceedings.\", \"We also respect a manufacturer's right to enter into exclusive distribution or resale agreements for its products. However- violations of such agreements do not constitute intellectual property rights infringement. As the enforcement of these agreements is a matter between the manufacturer- distributor- and/or respective reseller- it would not be appropriate for us to assist in the enforcement of such activities. While we cannot provide legal advice- nor share private information as protected by the law- we recommend that any questions or concerns regarding your rights may be routed to a legal specialist.\"]", "slogan": "The most reliable online marketplace near to you.", "cookies": null}}, {"model": "Intense.banner", "pk": 1, "fields": {"count": 6, "set_time": 3000}}, {"model": "Intense.banner_image", "pk": 1, "fields": {"Banner_id": 1, "image": "Banner/Banner_Ecommerce01.jpg", "link": null, "content": null}}, {"model": "Intense.banner_image", "pk": 2, "fields": {"Banner_id": 1, "image": "Banner/Banner02.jpg", "link": null, "content": null}}, {"model": "Intense.banner_image", "pk": 3, "fields": {"Banner_id": 1, "image": "Banner/Banner01.jpg", "link": null, "content": null}}, {"model": "Intense.banner_image", "pk": 4, "fields": {"Banner_id": 1, "image": "Banner/Woman_sell_Banner.jpg", "link": null, "content": null}}, {"model": "Intense.ticket", "pk": 1, "fields": {"title": "34", "sender_id": 2, "receiver_id": -1, "department": "Account", "complain": "hello world", "status": "pending", "created": "2020-10-14T03:28:59.980Z", "modified": "2020-10-14T03:28:59.980Z", "is_active": true, "is_attended": false}}, {"model": "Intense.productprice", "pk": 1, "fields": {"product_id": 13, "price": 80.0, "date_added": "2020-10-14T10:18:22.243Z", "currency_id": 1}}, {"model": "Intense.productprice", "pk": 2, "fields": {"product_id": 15, "price": 350.0, "date_added": "2020-10-14T10:24:34.065Z", "currency_id": 1}}, {"model": "Intense.productprice", "pk": 3, "fields": {"product_id": 3, "price": 550.0, "date_added": "2020-10-14T10:32:52.373Z", "currency_id": 1}}, {"model": "Intense.productprice", "pk": 4, "fields": {"product_id": 8, "price": 350.0, "date_added": "2020-10-14T10:39:10.927Z", "currency_id": 1}}, {"model": "Intense.productprice", "pk": 5, "fields": {"product_id": 7, "price": 340.0, "date_added": "2020-10-14T10:41:35.468Z", "currency_id": -1}}, {"model": "Intense.productprice", "pk": 6, "fields": {"product_id": 17, "price": 2000.0, "date_added": "2020-10-14T10:43:32.555Z", "currency_id": -1}}, {"model": "Intense.order", "pk": 1, "fields": {"order_status": "Unpaid", "delivery_status": "To ship", "admin_status": "Processing", "date_created": "2020-10-14T09:32:57.490Z", "user_id": -1, "ip_address": "", "checkout_status": true, "ordered_date": "2020-10-14", "non_verified_user_id": 1, "coupon": false, "coupon_code": ""}}, {"model": "Intense.order", "pk": 2, "fields": {"order_status": "Unpaid", "delivery_status": "To ship", "admin_status": "Processing", "date_created": "2020-10-14T09:49:12.662Z", "user_id": 90, "ip_address": "", "checkout_status": false, "ordered_date": "2020-10-14", "non_verified_user_id": -1, "coupon": false, "coupon_code": ""}}, {"model": "Intense.order", "pk": 3, "fields": {"order_status": "Unpaid", "delivery_status": "To ship", "admin_status": "Processing", "date_created": "2020-10-14T10:50:28.813Z", "user_id": 1, "ip_address": "", "checkout_status": false, "ordered_date": "2020-10-14", "non_verified_user_id": -1, "coupon": false, "coupon_code": ""}}, {"model": "Intense.order", "pk": 4, "fields": {"order_status": "Unpaid", "delivery_status": "To ship", "admin_status": "Processing", "date_created": "2020-10-14T15:28:48.087Z", "user_id": -1, "ip_address": "", "checkout_status": false, "ordered_date": "2020-10-14", "non_verified_user_id": 4, "coupon": false, "coupon_code": ""}}, {"model": "Intense.order", "pk": 5, "fields": {"order_status": "Unpaid", "delivery_status": "To ship", "admin_status": "Processing", "date_created": "2020-10-14T16:22:00.389Z", "user_id": -1, "ip_address": "", "checkout_status": false, "ordered_date": "2020-10-14", "non_verified_user_id": 5, "coupon": false, "coupon_code": ""}}, {"model": "Intense.order", "pk": 6, "fields": {"order_status": "Unpaid", "delivery_status": "To ship", "admin_status": "Processing", "date_created": "2020-10-15T07:34:33.795Z", "user_id": -1, "ip_address": "", "checkout_status": false, "ordered_date": "2020-10-15", "non_verified_user_id": 1, "coupon": false, "coupon_code": ""}}, {"model": "Intense.order", "pk": 7, "fields": {"order_status": "Unpaid", "delivery_status": "To ship", "admin_status": "Processing", "date_created": "2020-10-15T14:17:58.808Z", "user_id": 5, "ip_address": "", "checkout_status": false, "ordered_date": "2020-10-15", "non_verified_user_id": -1, "coupon": false, "coupon_code": ""}}, {"model": "Intense.order", "pk": 8, "fields": {"order_status": "Unpaid", "delivery_status": "To ship", "admin_status": "Processing", "date_created": "2020-10-16T16:36:43.736Z", "user_id": -1, "ip_address": "", "checkout_status": false, "ordered_date": "2020-10-16", "non_verified_user_id": 14, "coupon": false, "coupon_code": ""}}, {"model": "Intense.order", "pk": 9, "fields": {"order_status": "Unpaid", "delivery_status": "To ship", "admin_status": "Processing", "date_created": "2020-10-16T19:34:54.352Z", "user_id": 6, "ip_address": "", "checkout_status": false, "ordered_date": "2020-10-16", "non_verified_user_id": -1, "coupon": false, "coupon_code": ""}}, {"model": "Intense.order", "pk": 10, "fields": {"order_status": "Unpaid", "delivery_status": "To ship", "admin_status": "Processing", "date_created": "2020-10-17T02:51:13.353Z", "user_id": 3, "ip_address": "", "checkout_status": false, "ordered_date": "2020-10-17", "non_verified_user_id": -1, "coupon": false, "coupon_code": ""}}, {"model": "Intense.orderdetails", "pk": 1, "fields": {"order_id": 1, "product_id": 1, "quantity": 3, "date_added": "2020-10-14T09:32:57.497Z", "is_removed": true, "total_quantity": 5, "unit_price": 0.0, "total_price": 0.0, "unit_point": 0.0, "total_point": 0.0, "product_name": "Cosmics Leather & tire Wax", "product_color": "red", "product_size": null, "product_unit": "", "product_images": "[]", "remaining": 0}}, {"model": "Intense.orderdetails", "pk": 2, "fields": {"order_id": 1, "product_id": 1, "quantity": 1, "date_added": "2020-10-14T09:38:32.262Z", "is_removed": true, "total_quantity": 25, "unit_price": 0.0, "total_price": 0.0, "unit_point": 0.0, "total_point": 0.0, "product_name": "Cosmics Leather & tire Wax", "product_color": "red", "product_size": null, "product_unit": "", "product_images": "[]", "remaining": 0}}, {"model": "Intense.orderdetails", "pk": 3, "fields": {"order_id": 1, "product_id": 1, "quantity": 1, "date_added": "2020-10-14T09:40:40.525Z", "is_removed": true, "total_quantity": 2, "unit_price": 0.0, "total_price": 0.0, "unit_point": 0.0, "total_point": 0.0, "product_name": "Cosmics Leather & tire Wax", "product_color": "red", "product_size": null, "product_unit": "", "product_images": "[]", "remaining": 0}}, {"model": "Intense.orderdetails", "pk": 4, "fields": {"order_id": 2, "product_id": 1, "quantity": 1, "date_added": "2020-10-14T09:49:12.666Z", "is_removed": false, "total_quantity": 1, "unit_price": 0.0, "total_price": 0.0, "unit_point": 0.0, "total_point": 0.0, "product_name": "Cosmics Leather & tire Wax", "product_color": "red", "product_size": null, "product_unit": "", "product_images": "[]", "remaining": 0}}, {"model": "Intense.orderdetails", "pk": 5, "fields": {"order_id": 1, "product_id": 4, "quantity": 1, "date_added": "2020-10-14T09:52:04.737Z", "is_removed": true, "total_quantity": 2, "unit_price": 0.0, "total_price": 0.0, "unit_point": 0.0, "total_point": 0.0, "product_name": "Cosmic Easy car wax", "product_color": null, "product_size": null, "product_unit": "", "product_images": "[]", "remaining": 0}}, {"model": "Intense.orderdetails", "pk": 6, "fields": {"order_id": 1, "product_id": 5, "quantity": 3, "date_added": "2020-10-14T09:59:17.837Z", "is_removed": true, "total_quantity": 7, "unit_price": 0.0, "total_price": 0.0, "unit_point": 0.0, "total_point": 0.0, "product_name": "kangaroo leather & tire wax", "product_color": null, "product_size": null, "product_unit": "", "product_images": "[]", "remaining": 0}}, {"model": "Intense.orderdetails", "pk": 7, "fields": {"order_id": 1, "product_id": 6, "quantity": 1, "date_added": "2020-10-14T09:59:56.871Z", "is_removed": true, "total_quantity": 2, "unit_price": 0.0, "total_price": 0.0, "unit_point": 0.0, "total_point": 0.0, "product_name": "Profoam 2000", "product_color": null, "product_size": null, "product_unit": "", "product_images": "[]", "remaining": 0}}, {"model": "Intense.orderdetails", "pk": 8, "fields": {"order_id": 1, "product_id": 7, "quantity": 1, "date_added": "2020-10-14T10:00:39.502Z", "is_removed": true, "total_quantity": 3, "unit_price": 0.0, "total_price": 0.0, "unit_point": 0.0, "total_point": 0.0, "product_name": "Kangaroo Car Shampoo", "product_color": null, "product_size": null, "product_unit": "", "product_images": "[]", "remaining": 0}}, {"model": "Intense.orderdetails", "pk": 9, "fields": {"order_id": 1, "product_id": 8, "quantity": 1, "date_added": "2020-10-14T10:03:38.473Z", "is_removed": true, "total_quantity": 1, "unit_price": 0.0, "total_price": 0.0, "unit_point": 0.0, "total_point": 0.0, "product_name": "Engine cleaner", "product_color": null, "product_size": null, "product_unit": "", "product_images": "[]", "remaining": 0}}, {"model": "Intense.orderdetails", "pk": 10, "fields": {"order_id": 1, "product_id": 5, "quantity": 1, "date_added": "2020-10-14T10:07:57.945Z", "is_removed": true, "total_quantity": 1, "unit_price": 0.0, "total_price": 0.0, "unit_point": 0.0, "total_point": 0.0, "product_name": "kangaroo leather & tire wax", "product_color": null, "product_size": null, "product_unit": "", "product_images": "[]", "remaining": 0}}, {"model": "Intense.orderdetails", "pk": 11, "fields": {"order_id": 1, "product_id": 8, "quantity": 5, "date_added": "2020-10-14T10:08:48.170Z", "is_removed": true, "total_quantity": 5, "unit_price": 0.0, "total_price": 0.0, "unit_point": 0.0, "total_point": 0.0, "product_name": "Engine cleaner", "product_color": null, "product_size": null, "product_unit": "", "product_images": "[]", "remaining": 0}}, {"model": "Intense.orderdetails", "pk": 12, "fields": {"order_id": 3, "product_id": 1, "quantity": 1, "date_added": "2020-10-14T10:50:28.818Z", "is_removed": true, "total_quantity": 1, "unit_price": 0.0, "total_price": 0.0, "unit_point": 0.0, "total_point": 0.0, "product_name": "Cosmics Leather & tire Wax", "product_color": "red", "product_size": null, "product_unit": "", "product_images": "[]", "remaining": 0}}, {"model": "Intense.orderdetails", "pk": 13, "fields": {"order_id": 3, "product_id": 1, "quantity": 1, "date_added": "2020-10-14T10:51:27.602Z", "is_removed": true, "total_quantity": 7, "unit_price": 0.0, "total_price": 0.0, "unit_point": 0.0, "total_point": 0.0, "product_name": "Cosmics Leather & tire Wax", "product_color": "red", "product_size": null, "product_unit": "", "product_images": "[]", "remaining": 0}}, {"model": "Intense.orderdetails", "pk": 14, "fields": {"order_id": 1, "product_id": 1, "quantity": 1, "date_added": "2020-10-14T12:18:07.723Z", "is_removed": false, "total_quantity": 1, "unit_price": 0.0, "total_price": 0.0, "unit_point": 0.0, "total_point": 0.0, "product_name": "Cosmics Leather & tire Wax", "product_color": "red", "product_size": null, "product_unit": "", "product_images": "[]", "remaining": 0}}, {"model": "Intense.orderdetails", "pk": 15, "fields": {"order_id": 4, "product_id": 1, "quantity": 1, "date_added": "2020-10-14T15:28:48.091Z", "is_removed": true, "total_quantity": 1, "unit_price": 0.0, "total_price": 0.0, "unit_point": 0.0, "total_point": 0.0, "product_name": "Cosmics Leather & tire Wax", "product_color": "red", "product_size": null, "product_unit": "", "product_images": "[]", "remaining": 0}}, {"model": "Intense.orderdetails", "pk": 16, "fields": {"order_id": 5, "product_id": 1, "quantity": 4, "date_added": "2020-10-14T16:22:00.393Z", "is_removed": true, "total_quantity": 1, "unit_price": 0.0, "total_price": 0.0, "unit_point": 0.0, "total_point": 0.0, "product_name": "Cosmics Leather & tire Wax", "product_color": "red", "product_size": null, "product_unit": "", "product_images": "[]", "remaining": 0}}, {"model": "Intense.orderdetails", "pk": 17, "fields": {"order_id": 5, "product_id": 7, "quantity": 1, "date_added": "2020-10-14T16:25:24.545Z", "is_removed": false, "total_quantity": 1, "unit_price": 300.0, "total_price": 300.0, "unit_point": 0.0, "total_point": 0.0, "product_name": "Kangaroo Car Shampoo", "product_color": null, "product_size": null, "product_unit": "", "product_images": "[]", "remaining": 0}}, {"model": "Intense.orderdetails", "pk": 18, "fields": {"order_id": 5, "product_id": 8, "quantity": 1, "date_added": "2020-10-14T16:26:09.127Z", "is_removed": false, "total_quantity": 1, "unit_price": 310.0, "total_price": 310.0, "unit_point": 0.0, "total_point": 0.0, "product_name": "Engine cleaner", "product_color": null, "product_size": null, "product_unit": "", "product_images": "[]", "remaining": 0}}, {"model": "Intense.orderdetails", "pk": 19, "fields": {"order_id": 6, "product_id": 1, "quantity": 1, "date_added": "2020-10-15T07:34:33.799Z", "is_removed": true, "total_quantity": 1, "unit_price": 0.0, "total_price": 0.0, "unit_point": 0.0, "total_point": 0.0, "product_name": "Cosmics Leather & tire Wax", "product_color": "red", "product_size": null, "product_unit": "", "product_images": "[]", "remaining": 0}}, {"model": "Intense.orderdetails", "pk": 20, "fields": {"order_id": 6, "product_id": 8, "quantity": 1, "date_added": "2020-10-15T07:52:28.337Z", "is_removed": true, "total_quantity": 1, "unit_price": 310.0, "total_price": 310.0, "unit_point": 0.0, "total_point": 0.0, "product_name": "Engine cleaner", "product_color": null, "product_size": null, "product_unit": "", "product_images": "[]", "remaining": 0}}, {"model": "Intense.orderdetails", "pk": 21, "fields": {"order_id": 3, "product_id": 1, "quantity": 1, "date_added": "2020-10-15T09:37:42.305Z", "is_removed": true, "total_quantity": 1, "unit_price": 0.0, "total_price": 0.0, "unit_point": 0.0, "total_point": 0.0, "product_name": "Cosmics Leather & tire Wax", "product_color": "red", "product_size": null, "product_unit": "", "product_images": "[]", "remaining": 0}}, {"model": "Intense.orderdetails", "pk": 22, "fields": {"order_id": 3, "product_id": 6, "quantity": 1, "date_added": "2020-10-15T09:39:32.094Z", "is_removed": true, "total_quantity": 1, "unit_price": 0.0, "total_price": 0.0, "unit_point": 0.0, "total_point": 0.0, "product_name": "Profoam 2000", "product_color": null, "product_size": null, "product_unit": "", "product_images": "[]", "remaining": 0}}, {"model": "Intense.orderdetails", "pk": 23, "fields": {"order_id": 6, "product_id": 8, "quantity": 1, "date_added": "2020-10-15T10:20:05.348Z", "is_removed": true, "total_quantity": 2, "unit_price": 310.0, "total_price": 620.0, "unit_point": 0.0, "total_point": 0.0, "product_name": "Engine cleaner", "product_color": null, "product_size": null, "product_unit": "", "product_images": "[]", "remaining": 0}}, {"model": "Intense.orderdetails", "pk": 24, "fields": {"order_id": 6, "product_id": 7, "quantity": 1, "date_added": "2020-10-15T10:36:26.801Z", "is_removed": true, "total_quantity": 3, "unit_price": 300.0, "total_price": 900.0, "unit_point": 0.0, "total_point": 0.0, "product_name": "Kangaroo Car Shampoo", "product_color": null, "product_size": null, "product_unit": "", "product_images": "[]", "remaining": 0}}, {"model": "Intense.orderdetails", "pk": 25, "fields": {"order_id": 4, "product_id": 1, "quantity": 1, "date_added": "2020-10-15T13:47:44.359Z", "is_removed": true, "total_quantity": 1, "unit_price": 0.0, "total_price": 0.0, "unit_point": 0.0, "total_point": 0.0, "product_name": "Cosmics Leather & tire Wax", "product_color": "red", "product_size": "", "product_unit": "", "product_images": "[]", "remaining": 1}}, {"model": "Intense.orderdetails", "pk": 26, "fields": {"order_id": 7, "product_id": 1, "quantity": 13, "date_added": "2020-10-15T14:17:58.812Z", "is_removed": true, "total_quantity": 13, "unit_price": 0.0, "total_price": 0.0, "unit_point": 0.0, "total_point": 0.0, "product_name": "Cosmics Leather & tire Wax", "product_color": "red", "product_size": "", "product_unit": "", "product_images": "[]", "remaining": 13}}, {"model": "Intense.orderdetails", "pk": 27, "fields": {"order_id": 6, "product_id": 1, "quantity": 1, "date_added": "2020-10-15T15:58:52.608Z", "is_removed": true, "total_quantity": 3, "unit_price": 0.0, "total_price": 0.0, "unit_point": 0.0, "total_point": 0.0, "product_name": "Cosmics Leather & tire Wax", "product_color": "red", "product_size": "", "product_unit": "", "product_images": "[]", "remaining": 3}}, {"model": "Intense.orderdetails", "pk": 28, "fields": {"order_id": 8, "product_id": 8, "quantity": 1, "date_added": "2020-10-16T16:36:43.741Z", "is_removed": true, "total_quantity": 1, "unit_price": 310.0, "total_price": 310.0, "unit_point": 0.0, "total_point": 0.0, "product_name": "Engine cleaner", "product_color": "", "product_size": "", "product_unit": "", "product_images": "[]", "remaining": 1}}, {"model": "Intense.orderdetails", "pk": 29, "fields": {"order_id": 8, "product_id": 1, "quantity": 2, "date_added": "2020-10-16T19:31:06.339Z", "is_removed": true, "total_quantity": 2, "unit_price": 0.0, "total_price": 0.0, "unit_point": 0.0, "total_point": 0.0, "product_name": "Cosmics Leather & tire Wax", "product_color": "red", "product_size": "", "product_unit": "", "product_images": "[]", "remaining": 2}}, {"model": "Intense.orderdetails", "pk": 30, "fields": {"order_id": 8, "product_id": 1, "quantity": 1, "date_added": "2020-10-16T19:33:05.733Z", "is_removed": false, "total_quantity": 1, "unit_price": 0.0, "total_price": 0.0, "unit_point": 0.0, "total_point": 0.0, "product_name": "Cosmics Leather & tire Wax", "product_color": "red", "product_size": "", "product_unit": "", "product_images": "[]", "remaining": 1}}, {"model": "Intense.orderdetails", "pk": 31, "fields": {"order_id": 9, "product_id": 1, "quantity": 1, "date_added": "2020-10-16T19:34:54.355Z", "is_removed": true, "total_quantity": 2, "unit_price": 0.0, "total_price": 0.0, "unit_point": 0.0, "total_point": 0.0, "product_name": "Cosmics Leather & tire Wax", "product_color": "red", "product_size": "", "product_unit": "", "product_images": "[]", "remaining": 2}}, {"model": "Intense.orderdetails", "pk": 32, "fields": {"order_id": 9, "product_id": 7, "quantity": 1, "date_added": "2020-10-16T19:36:35.785Z", "is_removed": true, "total_quantity": 20, "unit_price": 300.0, "total_price": 6000.0, "unit_point": 0.0, "total_point": 0.0, "product_name": "Kangaroo Car Shampoo", "product_color": "", "product_size": "", "product_unit": "", "product_images": "[]", "remaining": 20}}, {"model": "Intense.orderdetails", "pk": 33, "fields": {"order_id": 10, "product_id": 8, "quantity": 1, "date_added": "2020-10-17T02:51:13.358Z", "is_removed": true, "total_quantity": 1, "unit_price": 310.0, "total_price": 310.0, "unit_point": 0.0, "total_point": 0.0, "product_name": "Engine cleaner", "product_color": "", "product_size": "", "product_unit": "", "product_images": "[]", "remaining": 1}}, {"model": "Intense.orderdetails", "pk": 34, "fields": {"order_id": 10, "product_id": 4, "quantity": 1, "date_added": "2020-10-17T03:18:04.967Z", "is_removed": false, "total_quantity": 1, "unit_price": 0.0, "total_price": 0.0, "unit_point": 0.0, "total_point": 0.0, "product_name": "Cosmic Easy car wax", "product_color": "", "product_size": "", "product_unit": "", "product_images": "[]", "remaining": 1}}, {"model": "Intense.orderdetails", "pk": 35, "fields": {"order_id": 3, "product_id": 1, "quantity": 1, "date_added": "2020-10-17T03:21:26.048Z", "is_removed": true, "total_quantity": 1, "unit_price": 0.0, "total_price": 0.0, "unit_point": 0.0, "total_point": 0.0, "product_name": "Cosmics Leather & tire Wax", "product_color": "red", "product_size": "", "product_unit": "", "product_images": "[]", "remaining": 1}}, {"model": "Intense.orderdetails", "pk": 36, "fields": {"order_id": 3, "product_id": 8, "quantity": 1, "date_added": "2020-10-17T03:22:32.921Z", "is_removed": true, "total_quantity": 2, "unit_price": 310.0, "total_price": 620.0, "unit_point": 0.0, "total_point": 0.0, "product_name": "Engine cleaner", "product_color": "", "product_size": "", "product_unit": "", "product_images": "[]", "remaining": 2}}, {"model": "Intense.billingaddress", "pk": 4, "fields": {"user_id": -1, "date_created": "2020-10-15T13:48:27.272Z", "date_updated": "2020-10-15T13:48:27.272Z", "non_verified_user_id": 4, "ip_address": "", "phone_number": "01757047579", "name": "", "address": "Dhaka", "area": "Dhaka", "location": "Gulshan"}}, {"model": "Intense.billingaddress", "pk": 5, "fields": {"user_id": 5, "date_created": "2020-10-15T14:18:05.577Z", "date_updated": "2020-10-15T14:18:05.577Z", "non_verified_user_id": -1, "ip_address": "", "phone_number": "01757047579", "name": "Rabby hossain", "address": "moghbazar", "area": "Dhaka", "location": "Banani"}}, {"model": "Intense.billingaddress", "pk": 6, "fields": {"user_id": -1, "date_created": "2020-10-16T16:37:26.329Z", "date_updated": "2020-10-16T16:37:26.330Z", "non_verified_user_id": 14, "ip_address": "", "phone_number": "01687881066", "name": "", "address": "Road 7", "area": "Dhaka", "location": "Gulshan"}}, {"model": "Intense.billingaddress", "pk": 7, "fields": {"user_id": 6, "date_created": "2020-10-16T19:34:57.687Z", "date_updated": "2020-10-16T19:34:57.687Z", "non_verified_user_id": -1, "ip_address": "", "phone_number": "01961457898", "name": "", "address": "b", "area": "Dhaka", "location": "Banani"}}, {"model": "Intense.billingaddress", "pk": 8, "fields": {"user_id": 3, "date_created": "2020-10-17T02:51:17.980Z", "date_updated": "2020-10-17T02:51:17.980Z", "non_verified_user_id": -1, "ip_address": "", "phone_number": "01749406545", "name": "", "address": "fv", "area": "Dhaka", "location": "Banani"}}, {"model": "Intense.billingaddress", "pk": 9, "fields": {"user_id": 1, "date_created": "2020-10-17T03:26:53.936Z", "date_updated": "2020-10-17T03:26:53.936Z", "non_verified_user_id": -1, "ip_address": "", "phone_number": "01757047579", "name": "", "address": "Dhaka", "area": "Barishal", "location": "Sadar"}}, {"model": "Intense.billingaddress", "pk": 10, "fields": {"user_id": -1, "date_created": "2020-10-17T04:20:05.963Z", "date_updated": "2020-10-17T04:20:05.963Z", "non_verified_user_id": 1, "ip_address": "", "phone_number": "01757047579", "name": "", "address": "Dhaka", "area": "Dhaka", "location": "Banani"}}, {"model": "Intense.productimage", "pk": 1, "fields": {"product_id": 1, "product_image": "Cosmic-leather-tire-Wax.01.jpg", "image_url": "http://128.199.66.61:8080/media/Cosmic-leather-tire-Wax.01.jpg", "content": null}}, {"model": "Intense.productimage", "pk": 2, "fields": {"product_id": 1, "product_image": "Cosmic-leather-tire-Wax.02_YP9XSCS.jpg", "image_url": "http://128.199.66.61:8080/media/Cosmic-leather-tire-Wax.02.jpg", "content": null}}, {"model": "Intense.productimage", "pk": 3, "fields": {"product_id": 2, "product_image": "Liquid-auto-polish.01.jpg", "image_url": "http://128.199.66.61:8080/media/Liquid-auto-polish.01.jpg", "content": null}}, {"model": "Intense.productimage", "pk": 4, "fields": {"product_id": 2, "product_image": "Liquid-auto-polish.02.jpg", "image_url": "http://128.199.66.61:8080/media/Liquid-auto-polish.02.jpg", "content": null}}, {"model": "Intense.productimage", "pk": 5, "fields": {"product_id": 2, "product_image": "Liquid-auto-polish.03.jpg", "image_url": "http://128.199.66.61:8080/media/Liquid-auto-polish.03.jpg", "content": null}}, {"model": "Intense.productimage", "pk": 6, "fields": {"product_id": 2, "product_image": "Liquid-auto-polish.04.jpg", "image_url": "http://128.199.66.61:8080/media/Liquid-auto-polish.04.jpg", "content": null}}, {"model": "Intense.productimage", "pk": 7, "fields": {"product_id": 2, "product_image": "Liquid-auto-polish.05.jpg", "image_url": "http://128.199.66.61:8080/media/Liquid-auto-polish.05.jpg", "content": null}}, {"model": "Intense.productimage", "pk": 8, "fields": {"product_id": 3, "product_image": "hard_excellent.01.jpg", "image_url": "http://128.199.66.61:8080/media/hard_excellent.01.jpg", "content": null}}, {"model": "Intense.productimage", "pk": 9, "fields": {"product_id": 3, "product_image": "hard_excellent.02.jpg", "image_url": "http://128.199.66.61:8080/media/hard_excellent.02.jpg", "content": null}}, {"model": "Intense.productimage", "pk": 10, "fields": {"product_id": 3, "product_image": "hard_excellent.03.jpg", "image_url": "http://128.199.66.61:8080/media/hard_excellent.03.jpg", "content": null}}, {"model": "Intense.productimage", "pk": 11, "fields": {"product_id": 3, "product_image": "hard_excellent.04_aB3pr2o.jpg", "image_url": "http://128.199.66.61:8080/media/hard_excellent.04_aB3pr2o.jpg", "content": null}}, {"model": "Intense.productimage", "pk": 12, "fields": {"product_id": 4, "product_image": "Cosmic-Easy-car-wax_res01.jpg", "image_url": "http://128.199.66.61:8080/media/Cosmic-Easy-car-wax_res01.jpg", "content": null}}, {"model": "Intense.productimage", "pk": 13, "fields": {"product_id": 4, "product_image": "Cosmic-Easy-car-wax_res02.jpg", "image_url": "http://128.199.66.61:8080/media/Cosmic-Easy-car-wax_res02.jpg", "content": null}}, {"model": "Intense.productimage", "pk": 14, "fields": {"product_id": 4, "product_image": "Cosmic-Easy-car-wax_res03.jpg", "image_url": "http://128.199.66.61:8080/media/Cosmic-Easy-car-wax_res03.jpg", "content": null}}, {"model": "Intense.productimage", "pk": 15, "fields": {"product_id": 5, "product_image": "Kangaroo-Leather-Tire-Wax.01.jpg", "image_url": "http://128.199.66.61:8080/media/Kangaroo-Leather-Tire-Wax.01.jpg", "content": null}}, {"model": "Intense.productimage", "pk": 16, "fields": {"product_id": 5, "product_image": "Kangaroo-Leather-Tire-Wax.02.jpg", "image_url": "http://128.199.66.61:8080/media/Kangaroo-Leather-Tire-Wax.02.jpg", "content": null}}, {"model": "Intense.productimage", "pk": 17, "fields": {"product_id": 5, "product_image": "Kangaroo-Leather-Tire-Wax.03.jpg", "image_url": "http://128.199.66.61:8080/media/Kangaroo-Leather-Tire-Wax.03.jpg", "content": null}}, {"model": "Intense.productimage", "pk": 18, "fields": {"product_id": 5, "product_image": "Kangaroo-Leather-Tire-Wax.06.jpg", "image_url": "http://128.199.66.61:8080/media/Kangaroo-Leather-Tire-Wax.06.jpg", "content": null}}, {"model": "Intense.productimage", "pk": 19, "fields": {"product_id": 5, "product_image": "Kangaroo-Leather-Tire-Wax.07.jpg", "image_url": "http://128.199.66.61:8080/media/Kangaroo-Leather-Tire-Wax.07.jpg", "content": null}}, {"model": "Intense.productimage", "pk": 20, "fields": {"product_id": 6, "product_image": "Profom.2000.01.jpg", "image_url": "http://128.199.66.61:8080/media/Profom.2000.01.jpg", "content": null}}, {"model": "Intense.productimage", "pk": 21, "fields": {"product_id": 6, "product_image": "Profom.2000.06.jpg", "image_url": "http://128.199.66.61:8080/media/Profom.2000.06.jpg", "content": null}}, {"model": "Intense.productimage", "pk": 22, "fields": {"product_id": 6, "product_image": "Profom.2000.02.jpg", "image_url": "http://128.199.66.61:8080/media/Profom.2000.02.jpg", "content": null}}, {"model": "Intense.productimage", "pk": 23, "fields": {"product_id": 6, "product_image": "Profom.2000.03.jpg", "image_url": "http://128.199.66.61:8080/media/Profom.2000.03.jpg", "content": null}}, {"model": "Intense.productimage", "pk": 24, "fields": {"product_id": 6, "product_image": "Profom.2000.07.jpg", "image_url": "http://128.199.66.61:8080/media/Profom.2000.07.jpg", "content": null}}, {"model": "Intense.productimage", "pk": 25, "fields": {"product_id": 7, "product_image": "Car_shampo..01.png", "image_url": "http://128.199.66.61:8080/media/Car_shampo..01.png", "content": null}}, {"model": "Intense.productimage", "pk": 26, "fields": {"product_id": 7, "product_image": "car_shampoo.03.jpg", "image_url": "http://128.199.66.61:8080/media/car_shampoo.03.jpg", "content": null}}, {"model": "Intense.productimage", "pk": 27, "fields": {"product_id": 7, "product_image": "Car_shampo..02.jpg", "image_url": "http://128.199.66.61:8080/media/Car_shampo..02.jpg", "content": null}}, {"model": "Intense.productimage", "pk": 28, "fields": {"product_id": 8, "product_image": "kangaroo_Product_01.jpg", "image_url": "http://128.199.66.61:8080/media/kangaroo_Product_01.jpg", "content": null}}, {"model": "Intense.productimage", "pk": 29, "fields": {"product_id": 8, "product_image": "kangaroo_Product_02.jpg", "image_url": "http://128.199.66.61:8080/media/kangaroo_Product_02.jpg", "content": null}}, {"model": "Intense.productimage", "pk": 30, "fields": {"product_id": 8, "product_image": "kangaroo_Product_03.jpg", "image_url": "http://128.199.66.61:8080/media/kangaroo_Product_03.jpg", "content": null}}, {"model": "Intense.productimage", "pk": 31, "fields": {"product_id": 9, "product_image": "kangaroo_Product_v2.jpg", "image_url": "http://128.199.66.61:8080/media/kangaroo_Product_v2.jpg", "content": null}}, {"model": "Intense.productimage", "pk": 32, "fields": {"product_id": 9, "product_image": "kangaroo_Product_v2.png", "image_url": "http://128.199.66.61:8080/media/kangaroo_Product_v2.png", "content": null}}, {"model": "Intense.productimage", "pk": 33, "fields": {"product_id": 10, "product_image": "kangaroo_Product_02_u90W4CH.jpg", "image_url": "http://128.199.66.61:8080/media/kangaroo_Product_02.jpg", "content": null}}, {"model": "Intense.productimage", "pk": 34, "fields": {"product_id": 10, "product_image": "kangaroo_Product_03_fiIZH5b.jpg", "image_url": "http://128.199.66.61:8080/media/kangaroo_Product_03.jpg", "content": null}}, {"model": "Intense.productimage", "pk": 35, "fields": {"product_id": 10, "product_image": "kangaroo_Product_v2_enxXYyC.jpg", "image_url": "http://128.199.66.61:8080/media/kangaroo_Product_v2.jpg", "content": null}}, {"model": "Intense.productimage", "pk": 36, "fields": {"product_id": 11, "product_image": "furniture-polish-420ml.01jpg.jpg", "image_url": "http://128.199.66.61:8080/media/furniture-polish-420ml.01jpg.jpg", "content": null}}, {"model": "Intense.productimage", "pk": 37, "fields": {"product_id": 11, "product_image": "furniture-polish-420ml.02jpg.jpg", "image_url": "http://128.199.66.61:8080/media/furniture-polish-420ml.02jpg.jpg", "content": null}}, {"model": "Intense.productimage", "pk": 38, "fields": {"product_id": 11, "product_image": "furniture-polish-420ml.03.jpg", "image_url": "http://128.199.66.61:8080/media/furniture-polish-420ml.03.jpg", "content": null}}, {"model": "Intense.productimage", "pk": 39, "fields": {"product_id": 12, "product_image": "Leather-Conditioner.02.jpg", "image_url": "http://128.199.66.61:8080/media/Leather-Conditioner.02.jpg", "content": null}}, {"model": "Intense.productimage", "pk": 40, "fields": {"product_id": 12, "product_image": "Leather-Conditioner.03.jpg", "image_url": "http://128.199.66.61:8080/media/Leather-Conditioner.03.jpg", "content": null}}, {"model": "Intense.productimage", "pk": 41, "fields": {"product_id": 12, "product_image": "Leather-Conditioner.04.jpg", "image_url": "http://128.199.66.61:8080/media/Leather-Conditioner.04.jpg", "content": null}}, {"model": "Intense.productimage", "pk": 42, "fields": {"product_id": 12, "product_image": "Leather-Conditioner.05.jpg", "image_url": "http://128.199.66.61:8080/media/Leather-Conditioner.05.jpg", "content": null}}, {"model": "Intense.productimage", "pk": 43, "fields": {"product_id": 12, "product_image": "Leather-Conditioner.v5.jpg", "image_url": "http://128.199.66.61:8080/media/Leather-Conditioner.v5.jpg", "content": null}}, {"model": "Intense.productimage", "pk": 44, "fields": {"product_id": 13, "product_image": "Shoe_Polish_nlthJNc.jpg", "image_url": "http://128.199.66.61:8080/media/Shoe_Polish.jpg", "content": null}}, {"model": "Intense.productimage", "pk": 45, "fields": {"product_id": 13, "product_image": "Shoe_Polish02_fClM3RS.jpg", "image_url": "http://128.199.66.61:8080/media/Shoe_Polish02.jpg", "content": null}}, {"model": "Intense.productimage", "pk": 46, "fields": {"product_id": 14, "product_image": "Shoe_Polish.jpg", "image_url": "http://128.199.66.61:8080/media/Shoe_Polish.jpg", "content": null}}, {"model": "Intense.productimage", "pk": 47, "fields": {"product_id": 14, "product_image": "Shoe_Polish02.jpg", "image_url": "http://128.199.66.61:8080/media/Shoe_Polish02.jpg", "content": null}}, {"model": "Intense.productimage", "pk": 48, "fields": {"product_id": 15, "product_image": "Rubbing_compound-250g.01_bg8ESko.jpg", "image_url": "http://128.199.66.61:8080/media/Rubbing_compound-250g.01.jpg", "content": null}}, {"model": "Intense.productimage", "pk": 49, "fields": {"product_id": 15, "product_image": "Rubbing_compound-250g.02.jpg", "image_url": "http://128.199.66.61:8080/media/Rubbing_compound-250g.02.jpg", "content": null}}, {"model": "Intense.productimage", "pk": 50, "fields": {"product_id": 15, "product_image": "Rubbing_compound-250g.03.jpg", "image_url": "http://128.199.66.61:8080/media/Rubbing_compound-250g.03.jpg", "content": null}}, {"model": "Intense.productimage", "pk": 51, "fields": {"product_id": 15, "product_image": "Rubbing_compound-250g.04.jpg", "image_url": "http://128.199.66.61:8080/media/Rubbing_compound-250g.04.jpg", "content": null}}, {"model": "Intense.productimage", "pk": 52, "fields": {"product_id": 15, "product_image": "Rubbing_compound-250g.05.jpg", "image_url": "http://128.199.66.61:8080/media/Rubbing_compound-250g.05.jpg", "content": null}}, {"model": "Intense.productimage", "pk": 53, "fields": {"product_id": 16, "product_image": "liquid-shoe-shiner-brown-75-ml.3.jpg", "image_url": "http://128.199.66.61:8080/media/liquid-shoe-shiner-brown-75-ml.3.jpg", "content": null}}, {"model": "Intense.productimage", "pk": 54, "fields": {"product_id": 16, "product_image": "liquid-shoe-shiner-brown-75.-ml.01.jpg", "image_url": "http://128.199.66.61:8080/media/liquid-shoe-shiner-brown-75.-ml.01.jpg", "content": null}}, {"model": "Intense.productimage", "pk": 55, "fields": {"product_id": 16, "product_image": "liquid-shoe-shiner-brown-75-ml.5_Hk2FGzX.jpg", "image_url": "http://128.199.66.61:8080/media/liquid-shoe-shiner-brown-75-ml.5_Hk2FGzX.jpg", "content": null}}, {"model": "Intense.productimage", "pk": 56, "fields": {"product_id": 16, "product_image": "liquid-shoe-shiner-brown-75-ml.6_cHGK4sp.jpg", "image_url": "http://128.199.66.61:8080/media/liquid-shoe-shiner-brown-75-ml.6_cHGK4sp.jpg", "content": null}}, {"model": "Intense.productimage", "pk": 57, "fields": {"product_id": 17, "product_image": "some-by-Mi.01_hDlYb3y.jpg", "image_url": "http://128.199.66.61:8080/media/some-by-Mi.01_hDlYb3y.jpg", "content": null}}, {"model": "Intense.productimage", "pk": 58, "fields": {"product_id": 17, "product_image": "some-by-Mi.0_vYvbOEW.jpg", "image_url": "http://128.199.66.61:8080/media/some-by-Mi.0.jpg", "content": null}}, {"model": "Intense.productimage", "pk": 59, "fields": {"product_id": 17, "product_image": "some-by-Mi.02_oCsv1FV.jpg", "image_url": "http://128.199.66.61:8080/media/some-by-Mi.02.jpg", "content": null}}, {"model": "Intense.productimage", "pk": 60, "fields": {"product_id": 17, "product_image": "some-by-Mi.03.jpg", "image_url": "http://128.199.66.61:8080/media/some-by-Mi.03.jpg", "content": null}}, {"model": "Intense.productimage", "pk": 61, "fields": {"product_id": 17, "product_image": "some-by-Mi.04_rNTVbpz.jpg", "image_url": "http://128.199.66.61:8080/media/some-by-Mi.04_rNTVbpz.jpg", "content": null}}, {"model": "Intense.productimage", "pk": 62, "fields": {"product_id": 17, "product_image": "some-by-Mi.05_DiCEMFg.jpg", "image_url": "http://128.199.66.61:8080/media/some-by-Mi.05.jpg", "content": null}}, {"model": "Intense.productimage", "pk": 63, "fields": {"product_id": 17, "product_image": "some-by-Mi.06_bB9nMeV.jpg", "image_url": "http://128.199.66.61:8080/media/some-by-Mi.06.jpg", "content": null}}, {"model": "Intense.productimage", "pk": 67, "fields": {"product_id": 1, "product_image": "Cosmic-leather-tire-Wax.03_ULJePMM.jpg", "image_url": "http://128.199.66.61:8080/media/Cosmic-leather-tire-Wax.03_ULJePMM.jpg", "content": null}}, {"model": "Intense.productimage", "pk": 68, "fields": {"product_id": 17, "product_image": "some-by-Mi.01_cPF95Jg.jpg", "image_url": "http://128.199.66.61:8080/media/some-by-Mi.01_cPF95Jg.jpg", "content": null}}, {"model": "Intense.productimage", "pk": 70, "fields": {"product_id": 17, "product_image": "some-by-Mi.0_kLEQctZ.jpg", "image_url": "http://128.199.66.61:8080/media/some-by-Mi.0_kLEQctZ.jpg", "content": null}}, {"model": "Intense.productimage", "pk": 71, "fields": {"product_id": 17, "product_image": "some-by-Mi.02_IvERTbZ.jpg", "image_url": "http://128.199.66.61:8080/media/some-by-Mi.02_IvERTbZ.jpg", "content": null}}, {"model": "Intense.productimage", "pk": 72, "fields": {"product_id": 17, "product_image": "some-by-Mi.03_jLemdr0.jpg", "image_url": "http://128.199.66.61:8080/media/some-by-Mi.03_jLemdr0.jpg", "content": null}}, {"model": "Intense.productimage", "pk": 73, "fields": {"product_id": 17, "product_image": "some-by-Mi.04_X5cH6tt.jpg", "image_url": "http://128.199.66.61:8080/media/some-by-Mi.04_X5cH6tt.jpg", "content": null}}, {"model": "Intense.productimage", "pk": 74, "fields": {"product_id": 17, "product_image": "some-by-Mi.06_KCPltSU.jpg", "image_url": "http://128.199.66.61:8080/media/some-by-Mi.06_KCPltSU.jpg", "content": null}}, {"model": "Intense.productimage", "pk": 75, "fields": {"product_id": 18, "product_image": "3w-Clinic-Crystal-white-Milk-Cream-04.jpg", "image_url": "http://128.199.66.61:8080/media/3w-Clinic-Crystal-white-Milk-Cream-04.jpg", "content": null}}, {"model": "Intense.productimage", "pk": 76, "fields": {"product_id": 18, "product_image": "3w-Clinic-Crystal-white-Milk-Cream-02.jpg", "image_url": "http://128.199.66.61:8080/media/3w-Clinic-Crystal-white-Milk-Cream-02.jpg", "content": null}}, {"model": "Intense.productimage", "pk": 77, "fields": {"product_id": 18, "product_image": "3w-Clinic-Crystal-white-Milk-Cream-03.jpg", "image_url": "http://128.199.66.61:8080/media/3w-Clinic-Crystal-white-Milk-Cream-03.jpg", "content": null}}, {"model": "Intense.productimage", "pk": 78, "fields": {"product_id": 18, "product_image": "3w-Clinic-Crystal-white-Milk-Cream-05.jpg", "image_url": "http://128.199.66.61:8080/media/3w-Clinic-Crystal-white-Milk-Cream-05.jpg", "content": null}}, {"model": "Intense.productimage", "pk": 79, "fields": {"product_id": 18, "product_image": "3w-Clinic-Crystal-white-Milk-Cream-06.jpg", "image_url": "http://128.199.66.61:8080/media/3w-Clinic-Crystal-white-Milk-Cream-06.jpg", "content": null}}, {"model": "Intense.productimage", "pk": 80, "fields": {"product_id": 18, "product_image": "3w-Clinic-Crystal-white-Milk-Cream-07.jpg", "image_url": "http://128.199.66.61:8080/media/3w-Clinic-Crystal-white-Milk-Cream-07.jpg", "content": null}}, {"model": "Intense.productimage", "pk": 81, "fields": {"product_id": 18, "product_image": "3w-Clinic-Crystal-white-Milk-Cream-08.jpg", "image_url": "http://128.199.66.61:8080/media/3w-Clinic-Crystal-white-Milk-Cream-08.jpg", "content": null}}, {"model": "Intense.productimage", "pk": 82, "fields": {"product_id": 18, "product_image": "3w-Clinic-Crystal-white-Milk-Cream-50g.jpg", "image_url": "http://128.199.66.61:8080/media/3w-Clinic-Crystal-white-Milk-Cream-50g.jpg", "content": null}}, {"model": "Intense.productimage", "pk": 83, "fields": {"product_id": 19, "product_image": "speed-whitening-emulsion.02.jpg", "image_url": "http://128.199.66.61:8080/media/speed-whitening-emulsion.02.jpg", "content": null}}, {"model": "Intense.productimage", "pk": 84, "fields": {"product_id": 19, "product_image": "speed-whitening-emulsion.01.jpg", "image_url": "http://128.199.66.61:8080/media/speed-whitening-emulsion.01.jpg", "content": null}}, {"model": "Intense.productimage", "pk": 85, "fields": {"product_id": 19, "product_image": "speed-whitening-emulsion.05.jpg", "image_url": "http://128.199.66.61:8080/media/speed-whitening-emulsion.05.jpg", "content": null}}, {"model": "Intense.productimage", "pk": 86, "fields": {"product_id": 19, "product_image": "speed-whitening-emulsion.04.jpg", "image_url": "http://128.199.66.61:8080/media/speed-whitening-emulsion.04.jpg", "content": null}}, {"model": "Intense.productimage", "pk": 87, "fields": {"product_id": 19, "product_image": "speed-whitening-emulsion.03.jpg", "image_url": "http://128.199.66.61:8080/media/speed-whitening-emulsion.03.jpg", "content": null}}, {"model": "Intense.productimage", "pk": 88, "fields": {"product_id": 20, "product_image": "derma-house-stretch-care-cream-01.jpg", "image_url": "http://128.199.66.61:8080/media/derma-house-stretch-care-cream-01.jpg", "content": null}}, {"model": "Intense.productimage", "pk": 89, "fields": {"product_id": 20, "product_image": "derma-house-stretch-care-cream-02.jpg", "image_url": "http://128.199.66.61:8080/media/derma-house-stretch-care-cream-02.jpg", "content": null}}, {"model": "Intense.productimage", "pk": 90, "fields": {"product_id": 20, "product_image": "derma-house-stretch-care-cream-03.jpg", "image_url": "http://128.199.66.61:8080/media/derma-house-stretch-care-cream-03.jpg", "content": null}}, {"model": "Intense.product", "pk": 1, "fields": {"seller": 1, "product_admin_status": "Processing", "category_id": 2, "sub_category_id": -1, "sub_sub_category_id": -1, "title": "Cosmics Leather & tire Wax", "brand": "Kangaroo", "date": "2020-10-12T11:20:48.777Z", "description": "Keep your interior & tire looking new with Kangaroo\u2019s\r\nleather care products. Kangaroo\u2019s Cosmic Leather & Tire\r\nWax is all purpose wax for interiors, bumpers, various\r\ntypes of leather and rubbers. It also brings back original\r\nluster of tires and prevents tires from discoloration.", "key_features": "[\"Brings back original luster of interiors\", \"various types of\", \"Easily applied\", \"leather and rubbers\", \"Prevention of discoloration\", \"Long lasting gloss effect\"]", "is_deleted": false, "properties": true, "is_group": false, "unit": "pcs", "warranty": null, "origin": "Korea", "shipping_country": "Bangladesh"}}, {"model": "Intense.product", "pk": 2, "fields": {"seller": 1, "product_admin_status": "Processing", "category_id": 2, "sub_category_id": -1, "sub_sub_category_id": -1, "title": "Liquid auto polish", "brand": "Kangaroo", "date": "2020-10-13T03:37:07.630Z", "description": "Keep your car looking new with kangaroo\u2019s car wax. Kangaroo Liquid auto polish\r\n Is a water soluble type which can be used  for coated Surfaces as well as bumpers and plastics.", "key_features": "[\"Easily Applied\", \"Water soluble  Type\", \"Lastingly protect against weathering Effect\", \"prevention of Discoloration\", \"Multi- Function liquid Wax\"]", "is_deleted": false, "properties": true, "is_group": false, "unit": "pcs", "warranty": null, "origin": "Korea", "shipping_country": "Bangladesh"}}, {"model": "Intense.product", "pk": 3, "fields": {"seller": 1, "product_admin_status": "Processing", "category_id": 2, "sub_category_id": -1, "sub_sub_category_id": -1, "title": "Kangaroo Hard Excellent", "brand": "Kangaroo", "date": "2020-10-13T03:50:19.471Z", "description": "Keep your car looking new with Kangaroo\u2019s car wax.\r\nKangaroo\u2019s Hard Excellent is suitable for easy and quick\r\nwipe-down work for expensive metallic paints or dark\r\ncolors. It is formulated with 80% of carnauba wax on wax\r\ncomposition to clean and protect in just one application.\r\nIt gives wet-look shine and long lasting effect.\r\n* Carnauba wax creates a rich, warm glow. It does not\r\nappear to sit on the paint. It transforms the paint into a\r\ndeep, liquid pool that shimmers under changing light\r\nconditions. The more carnauba wax, the more shine.", "key_features": "[\"Easily applied\", \"No abrasives\", \"80% Carnauba wax on wax composition\", \"Lastingly protects against weathering effects\"]", "is_deleted": false, "properties": true, "is_group": false, "unit": "pcs", "warranty": null, "origin": "Korea", "shipping_country": "Bangladesh"}}, {"model": "Intense.product", "pk": 4, "fields": {"seller": 1, "product_admin_status": "Processing", "category_id": 2, "sub_category_id": -1, "sub_sub_category_id": -1, "title": "Cosmic Easy car wax", "brand": "Kangaroo", "date": "2020-10-13T03:52:49.653Z", "description": "Keep your car looking New with Kangaroo\u2019s car was.\r\nKangaroo\u2019s cosmic easy is suitable for easy  and Quick wipe down work for all colored cars. It is formulated with carnauba wax to prevent discolorations. Its gives wet-looks shine and long  Lasting effect.", "key_features": "[\"Easily applied\", \"Carnauba wax formula\", \"Lastingly  protect against weathering  Effect\", \"Prevention of Discoloration\"]", "is_deleted": false, "properties": true, "is_group": false, "unit": "pcs", "warranty": null, "origin": "Korea", "shipping_country": "Bangladesh"}}, {"model": "Intense.product", "pk": 5, "fields": {"seller": 1, "product_admin_status": "Processing", "category_id": 2, "sub_category_id": -1, "sub_sub_category_id": -1, "title": "kangaroo leather & tire wax", "brand": "Kangaroo", "date": "2020-10-13T03:57:55.988Z", "description": "Keep your leather looking new with Kangaroo\u2019s leather\r\ncare products. Kangaroo\u2019s Leather & Tire Wax is all\r\npurpose wax for car leather seats, tires and dash-boards", "key_features": "[\"Easily applied\", \"Brings back original luster of interiors\", \"various types of leather and rubbers\", \"Prevention of discoloration\", \"Long lasting gloss effect\"]", "is_deleted": false, "properties": true, "is_group": false, "unit": "pcs", "warranty": null, "origin": "Korea", "shipping_country": "Bangladesh"}}, {"model": "Intense.product", "pk": 6, "fields": {"seller": 1, "product_admin_status": "Processing", "category_id": 2, "sub_category_id": -1, "sub_sub_category_id": -1, "title": "Profoam 2000", "brand": "Kangaroo", "date": "2020-10-13T04:43:41.658Z", "description": "Description > kangaroo\u2019s profoam 2000 is a high Power Cleaner Which Cleans oil stains and grease on engine, various machinery parts, tools , greasy  trucks and big vehicles. It is also great  for hard , nonporous surfaces, including industrials floors.\r\n Is a water soluble type which can be used  for coated Surfaces as well as bumpers and plastics.", "key_features": "[\"Multi use\", \"water based cleaner\", \"Wipes easily Stubborn grease and grime\", \"Non- flammable\", \"Non- Residue\", \"\"]", "is_deleted": false, "properties": true, "is_group": false, "unit": "pcs", "warranty": null, "origin": "Korea", "shipping_country": "Bangladesh"}}, {"model": "Intense.product", "pk": 7, "fields": {"seller": 1, "product_admin_status": "Processing", "category_id": 2, "sub_category_id": -1, "sub_sub_category_id": -1, "title": "Kangaroo Car Shampoo", "brand": "Kangaroo", "date": "2020-10-13T04:45:14.798Z", "description": "Product Description Kangaroo Car Shampoo: KANGARO CAR SHAMPOO safely lifts dirt, bugs and grime from car\u2019s surfaces without stripping protective waxes with it\u2019s pH balanced formula and unique foaming quality. Safe for all finishes. Rich foaming shampoo.", "key_features": "[\"\\u2022\\tPre-rinse with water to remove loose dirt\", \"\\u2022\\tMix Kamgaroo shampoo with water in a wash bucket (Dilution 1:30)\", \"\\u2022\\tApply the mixture with a clean sponge\", \"\\u2022\\t650ml\"]", "is_deleted": false, "properties": true, "is_group": false, "unit": "pcs", "warranty": null, "origin": "Korea", "shipping_country": "Bangladesh"}}, {"model": "Intense.product", "pk": 8, "fields": {"seller": 1, "product_admin_status": "Processing", "category_id": 2, "sub_category_id": -1, "sub_sub_category_id": -1, "title": "Engine cleaner", "brand": "Kangaroo", "date": "2020-10-13T04:46:56.485Z", "description": "Engine Cleaner, Aerosol Engine Cleaner - An effective tool for quickly and efficiently removing oil and grease from the engine surface. Before use, the container with the composition must be shaken thoroughly. Do not spray on a hot and wound engine. Avoid contact with electronic components, electrical connectors, sensors, etc. If it comes into contact with plastic, rinse or wipe it off quickly with a damp cloth. Mode of application: - Stop the engine and allow it to cool. - Shake the cleaner bottle thoroughly. - spray the product on the surface to be cleaned from a distance of 20-30 cm. - Wait 5-10 minutes and rinse with water or wipe with a damp cloth. - start the engine and let it dry.", "key_features": "[\"\\u2022\\tRemove  though grease and oil build up on Engine Surfaces\", \"\\u2022\\tDeep penetrating\", \"\\u2022\\tImproved performance and Fuel Efficient\"]", "is_deleted": false, "properties": true, "is_group": false, "unit": "pcs", "warranty": null, "origin": "Korea", "shipping_country": "Bangladesh"}}, {"model": "Intense.product", "pk": 9, "fields": {"seller": 1, "product_admin_status": "Processing", "category_id": 2, "sub_category_id": -1, "sub_sub_category_id": -1, "title": "Choke & Carb Cleaner", "brand": "Kangaroo", "date": "2020-10-13T04:49:07.843Z", "description": "Keep your car Running Smoothly  with kangaroo\u2019s car care products. kangaroo\u2019s Chokes &  Carburetor cleaner Quickly Removes deposit & dirt\u2019s from the inside and outside of the Carburetor to improve the engine performance and fuel efficiency. It also effectively cleans all non-painted metal parts and surface.", "key_features": "[\"360 degree spray valve\", \"Removes though Deposit quickly and easily\", \"Improved Engine performance and Fuel Efficient\"]", "is_deleted": false, "properties": true, "is_group": false, "unit": "pcs", "warranty": null, "origin": "Korea", "shipping_country": "Bangladesh"}}, {"model": "Intense.product", "pk": 10, "fields": {"seller": 1, "product_admin_status": "Processing", "category_id": 2, "sub_category_id": -1, "sub_sub_category_id": -1, "title": "CARPET & UPHOLSTERY FORM CLEANER", "brand": "Kangaroo", "date": "2020-10-13T04:53:08.487Z", "description": "A great powerful foaming cleaner made especially to clean. Cleans quickly and easily. Specially formulated to safety deep clean, fabric, upholstery and carpet fibers. Sterilizing effects, deodorization and anti-static effects. Leaves upholstery clean, fresh and soft with no stick residue.", "key_features": "[\"Vacuum first to remove loose dirt\", \"\\u2022\\tShake well before use\", \"\\u2022\\tHold can upright 10-12 inch from surface\", \"Work foam into surface with cloth or soft brush\", \"Wipe dry with absorbent cloth or vacuum the area again when dry\"]", "is_deleted": false, "properties": true, "is_group": false, "unit": "pcs", "warranty": null, "origin": "Korea", "shipping_country": "Bangladesh"}}, {"model": "Intense.product", "pk": 11, "fields": {"seller": 1, "product_admin_status": "Processing", "category_id": 2, "sub_category_id": -1, "sub_sub_category_id": -1, "title": "Furniture polish", "brand": "Kangaroo", "date": "2020-10-13T04:58:15.170Z", "description": "Keep your furniture shiny with kangaroo\u2019s Furnitures polish. It enhances the beauty of natural wood with a deep-glowing shine while it gently cleans  away dirt, dust and fingerprint. It is perfect for us on a variety of surfaces such as furniture, Cabinets, paneling, and baseboards.", "key_features": "[\"Clean\", \"Restore\", \"and Condition Woods   \\tEasily applied\", \"Fresh lemon scent\"]", "is_deleted": false, "properties": true, "is_group": false, "unit": "pcs", "warranty": null, "origin": "Korea", "shipping_country": "Bangladesh"}}, {"model": "Intense.product", "pk": 12, "fields": {"seller": 1, "product_admin_status": "Processing", "category_id": 2, "sub_category_id": -1, "sub_sub_category_id": -1, "title": "Leather Conditioner", "brand": "Kangaroo", "date": "2020-10-13T05:00:40.353Z", "description": "Keep  your leather looking new With kangaroo\u2019s leather care products. kangaroo\u2019s leather conditioner is specially  formulated with natural blend of tocopherol and lanolin to be gentle enough for regular leather maintenance. It preserves the leather color and protects the surface of the leather.", "key_features": "[\"Restore natural beauty and shine to leather\", \"Moisturizes to prevent dulling\", \"fading and cracking\", \"Protect the leather from spills and stains\", \"Tocopherol and lanolin formula gives leather a deep\", \"rich luster\"]", "is_deleted": false, "properties": true, "is_group": false, "unit": "pcs", "warranty": null, "origin": "Korea", "shipping_country": "Bangladesh"}}, {"model": "Intense.product", "pk": 13, "fields": {"seller": 1, "product_admin_status": "Processing", "category_id": 2, "sub_category_id": -1, "sub_sub_category_id": -1, "title": "Shoe polish NE(40g)", "brand": "Kangaroo", "date": "2020-10-13T05:03:37.463Z", "description": "Keep your shoes looking new with Kangaroo's shoe care product. Kangaroo's Shoe Polish is a all-season shoe polish for the care of your most valuable shoes. It is specially formulated to achieve glazing and a high gloss finish. * The quality and concentration of hard waxes used in the polish persist much longer than liquid polishes, allowing the shine of one's shoes to be easily renewed long after application by simply rebuffing.", "key_features": "[\"Extend the footwear's life\", \"maintain and improve their appearance\", \"Protects the leather from humidity and stains\", \"Restores natural beauty and shine to leather\", \"All-season shoe polish\"]", "is_deleted": false, "properties": true, "is_group": false, "unit": "pcs", "warranty": null, "origin": "Korea", "shipping_country": "Bangladesh"}}, {"model": "Intense.product", "pk": 14, "fields": {"seller": 1, "product_admin_status": "Processing", "category_id": 2, "sub_category_id": -1, "sub_sub_category_id": -1, "title": "Shoe polish BR(40g)", "brand": "Kangaroo", "date": "2020-10-13T05:07:05.261Z", "description": "Keep your shoes looking new with Kangaroo's shoe care product. Kangaroo's Shoe Polish is a all-season shoe polish for the care of your most valuable shoes. It is specially formulated to achieve glazing and a high gloss finish. * The quality and concentration of hard waxes used in the polish persist much longer than liquid polishes, allowing the shine of one's shoes to be easily renewed long after application by simply rebuffing.", "key_features": "[\"Extend the footwear's life\", \"maintain and improve their appearance\", \"\\u2022\\tProtects the leather from humidity and stains\", \"Restores natural beauty and shine to leather\", \"All-season shoe polish\"]", "is_deleted": false, "properties": true, "is_group": false, "unit": "pcs", "warranty": null, "origin": "Korea", "shipping_country": "Bangladesh"}}, {"model": "Intense.product", "pk": 15, "fields": {"seller": 1, "product_admin_status": "Processing", "category_id": 2, "sub_category_id": -1, "sub_sub_category_id": -1, "title": "kangaroo Rubbing Compound-250g", "brand": "Kangaroo", "date": "2020-10-13T05:09:02.292Z", "description": "Keep your car looking new with Kangaroo\u2019s car wax. Kangaroo\u2019s Compound is a powerful polishing compound approved for scratch removal on newly cured paint and older paints. The low-dusting compound removes sanding scratches, over spray, and swirls like an aggressive compound.", "key_features": "[\"Removes swirl marks and scratches\", \"Specialized abrasives restore surface clarity without scratching\", \"Perfect to use before waxing\"]", "is_deleted": false, "properties": true, "is_group": false, "unit": "pcs", "warranty": null, "origin": "Korea", "shipping_country": "Bangladesh"}}, {"model": "Intense.product", "pk": 16, "fields": {"seller": 1, "product_admin_status": "Processing", "category_id": 2, "sub_category_id": -1, "sub_sub_category_id": -1, "title": "kangaroo-liquid-shoe-shiner-brown-75-ml", "brand": "Kangaroo", "date": "2020-10-13T05:10:01.824Z", "description": "Kangaroo Liquid Shoe Shiner (Black & Brown ) \r\nBe the first to review \u201cKangaroo Liquid Shoe Shiner (Brown) 75 ml\u201d\r\nYour email address will not be published. Required fields are marked *", "key_features": "[]", "is_deleted": false, "properties": true, "is_group": false, "unit": "pcs", "warranty": null, "origin": "Korea", "shipping_country": "Bangladesh"}}, {"model": "Intense.product", "pk": 17, "fields": {"seller": 1, "product_admin_status": "Processing", "category_id": 1, "sub_category_id": -1, "sub_sub_category_id": -1, "title": "Some By Mi's", "brand": "Dabo", "date": "2020-10-13T06:11:14.244Z", "description": "Skin Friendly Ingredients, Some by Mi\u2019s Mind, Remarkable Skin Transformation from Natural Ingredients, + AHA / BHA / PHA / Centella 700,000PPM, Dermatologist Test, Skin Barrier, Repairing, Calming, AHA, BHA, PHA ingredients smoothly exfoliates and by strengthening skin barrier with tea tree leaf water, Asiatic pennywort, Madecassoside, helps protecting sensitive skin stay healthy.", "key_features": "[\"Acne Treatment\", \"Anti Aging\", \"Day Cream\", \"Day/Night Cream\", \"Face\", \"K- Beauty\", \"Moisturizer\", \"Moisturizers\", \"Natural Brand: [SOME BY MI]\", \"Night Cream\", \"Personal care\", \"Pigmentation\", \"Shop By Concern\", \"Skin\", \"Skin Lightening\"]", "is_deleted": false, "properties": true, "is_group": false, "unit": "60 gm", "warranty": null, "origin": "Korea", "shipping_country": "Bangladesh"}}, {"model": "Intense.product", "pk": 18, "fields": {"seller": 1, "product_admin_status": "Processing", "category_id": 1, "sub_category_id": -1, "sub_sub_category_id": -1, "title": "3W Clinic Crystal White Milky Cream 50g", "brand": "Dabo", "date": "2020-10-13T06:18:35.381Z", "description": "Mark the skin immediately, a mixture of milk, add a smooth surface, the need for urgent skin.\r\nWhitening cream with moisturizing ingredients.\r\nit also moisturizes skin so you're covered on the dewy front as well.", "key_features": "[\"Apply appropriate amount to your face and body and then gently massage it for 2~3 minutes\"]", "is_deleted": false, "properties": true, "is_group": false, "unit": "50gm", "warranty": null, "origin": "Korea", "shipping_country": "Bangladesh"}}, {"model": "Intense.product", "pk": 19, "fields": {"seller": 1, "product_admin_status": "Processing", "category_id": 1, "sub_category_id": -1, "sub_sub_category_id": -1, "title": "Dabo Speed Whitening-Up Facial Whitening Cream (50ml)", "brand": "Dabo", "date": "2020-10-13T06:20:58.993Z", "description": "Dabo Speed Whitening-Up High-Quality Korean Facial Whitening Cream (50ml) Rapidly whitening and whitening improvement. Composed of collagen essence, pearl powder and honey, skin whitening cream", "key_features": "[\"Dabo Cosmetic\", \"Dabo Speed Whitening Cream 50ml\", \"Dabo Whitening Cream\", \"Sell Dabo Speed Whitening Cream\"]", "is_deleted": false, "properties": true, "is_group": false, "unit": "50ml", "warranty": null, "origin": "Korea", "shipping_country": "Bangladesh"}}, {"model": "Intense.product", "pk": 20, "fields": {"seller": 1, "product_admin_status": "Processing", "category_id": 1, "sub_category_id": -1, "sub_sub_category_id": -1, "title": "Derma house stretch care cream 180ml", "brand": "Dabo", "date": "2020-10-13T06:25:53.438Z", "description": "Product description: Herbal cream for stretch marks from the Korean manufacturer of medical cosmetics Dermahouse. Contains 12 herbal extracts. Jojoba oil, orange oil, rosemary sprout oil, tangerine peel oil, chamomile oil and almond oil are effective in preventing and treating stretch marks. The cream is quickly absorbed. leaving no stickiness.\r\nApply 2-3 times a day. Massage for 5-10 minutes.", "key_features": "[\"As soon as apply\", \"this white cream makes your skin tone bright form deep skin and helps to remove the freckle by permeating the skin slightly.        Hyaluronic acid provides moist moisture feeling without gap and hydrolysed collagen makes your skin elastic and lively by reinforcing skin barrier.\"]", "is_deleted": false, "properties": true, "is_group": false, "unit": "180ml", "warranty": null, "origin": "Korea", "shipping_country": "Bangladesh"}}, {"model": "Intense.product", "pk": 21, "fields": {"seller": 21, "product_admin_status": "Processing", "category_id": 1, "sub_category_id": -1, "sub_sub_category_id": -1, "title": "Derma house stretch care cream 180ml", "brand": "Dabo", "date": "2020-10-17T04:08:34.292Z", "description": "Dabo Speed Whitening-Up High-Quality Korean Facial Whitening Cream (50ml) Rapidly whitening and Product description: Herbal cream for stretch marks from the Korean manufacturer of medical cosmetics Dermahouse. Contains 12 herbal extracts. Jojoba oil, orange oil, rosemary sprout oil, tangerine peel oil, chamomile oil and almond oil are effective in preventing and treating stretch marks. The cream is quickly absorbed. leaving no stickiness.", "key_features": "[\"Apply 2-3 times a day\", \"Massage for 5-10 minutes\", \"Packing: tube 180ml\", \"\"]", "is_deleted": false, "properties": true, "is_group": false, "unit": "pcs", "warranty": null, "origin": "Korea", "shipping_country": "Bangladesh"}}, {"model": "Intense.product", "pk": 22, "fields": {"seller": 22, "product_admin_status": "Processing", "category_id": -1, "sub_category_id": -1, "sub_sub_category_id": -1, "title": "Yuja Niacin 30 Days Miracle Brightening Sleeping Mask Mini (15g)", "brand": "Dabo", "date": "2020-10-17T04:14:31.894Z", "description": "Formulated with 70 percent yuja (citron) extract from Goheung, which is rich in vitamin C; enriched with five (5) percent niacinamide; provides intensive brightening and moisturizing effects; improves the look of skin tone and texture with glutathione and arbutin; hydrates, revitalizes, and soothes with aquaxyl, Fructan, and 10 kinds of vitamins.", "key_features": "[\"Citrus Junos Fruit Extract\", \"Water\", \"Butylene Glycol\", \"Niacinamide\", \"Glycerin\", \"Panthenol\", \"1\", \"2-Hexanediol\", \"Simmondsia Chinensis (Jojoba) Seed Oil\", \"Thuja Orientalis Leaf Extract\", \"Zanthoxylum Schinifolium Leaf Extract\", \"Polygonum Cuspidatum Root Extract\", \"Mentha Piperita (Peppermint) Leaf Extract\", \"Mentha Aquatica Leaf Extract\", \"Mentha Rotundifolia Leaf Extract\", \"Nelumbo Nucifera Flower Extract\", \"Coptis Japonica Extract\", \"\"]", "is_deleted": false, "properties": true, "is_group": false, "unit": "pcs", "warranty": null, "origin": "Korea", "shipping_country": "Bangladesh"}}, {"model": "Intense.product", "pk": 23, "fields": {"seller": 23, "product_admin_status": "Processing", "category_id": 1, "sub_category_id": -1, "sub_sub_category_id": -1, "title": "Ac clean up cleansing foam", "brand": "Etude House", "date": "2020-10-17T04:18:23.080Z", "description": "Formulated with 70 percent yuja (citron) extract from Goheung, which is rich in vitamin C; enriched with five (5) percent niacinamide; provides intensive brightening and moisturizing effects; improves the look of skin tone and texture with glutathione and arbutin; hydrates, revitalizes, and soothes with aquaxyl, Fructan, and 10 kinds of vitamins", "key_features": "[\"Sodium Cocoyl Isethionate\", \"Glyceryl Stearate\", \"Cetearyl Alcohol\", \"Coconut Acid\", \"Propanediol\", \"Stearic Acid\", \"Lauramidopropyl Betaine\", \"Sodium Isethionate\", \"Hydroxypropyl Starch Phosphate\", \"Palmitic Acid\", \"\"]", "is_deleted": false, "properties": true, "is_group": false, "unit": "pcs", "warranty": null, "origin": "Korea", "shipping_country": "Bangladesh"}}, {"model": "Intense.product", "pk": 24, "fields": {"seller": 24, "product_admin_status": "Processing", "category_id": 1, "sub_category_id": -1, "sub_sub_category_id": -1, "title": "Ac clean up cleansing foam", "brand": "Etude House", "date": "2020-10-17T04:22:35.824Z", "description": "Water/Aqua/Eau, Glycerin, Sodium Cocoyl Isethionate, Glyceryl Stearate, Cetearyl Alcohol, Coconut Acid, Propanediol, Stearic Acid, Lauramidopropyl Betaine, Sodium Isethionate, Hydroxypropyl Starch Phosphate, Palmitic Acid, Sodium Methyl Cocoyl Taurate, Salicylic Acid, Sorbitol, Butylene Glycol, Fragrance, Potassium Benzoate, Sodium Chloride, Disodium EDTA, Arachidic Acid, Centella Asiatica Extract, Anthemis Nobilis Flower Extract, Melaleuca Alternifolia (Tea Tree) Leaf Water, Myristic Acid, Houttuynia Cordata Extract, Oleic Acid, Portulaca Oleracea Extract, Melaleuca Alternifolia (Tea Tree) Leaf Oil, 1,2-Hexanediol, Pentylene Glycol, Caprylyl Glycol, Madecassoside", "key_features": "[\"Slightly acidic type with mild foam\", \"Cleanses sebum ad impurities on the skin with Salicylic Acid\", \"The gentle foam cleanses the sensitive skin without harming it\", \"The low pH level product helps acne prone skin to balance its pH level\"]", "is_deleted": false, "properties": true, "is_group": false, "unit": "pcs", "warranty": null, "origin": "Korea", "shipping_country": "Bangladesh"}}, {"model": "Intense.category", "pk": 1, "fields": {"title": "Cosmetics", "category_id": 1, "active": false, "level": "First", "timestamp": "2020-10-13T09:06:26.576Z"}}, {"model": "Intense.category", "pk": 2, "fields": {"title": "Chemical Products", "category_id": 0, "active": false, "level": "First", "timestamp": "2020-10-13T09:06:48.039Z"}}, {"model": "Intense.discount_product", "pk": 1, "fields": {"discount_type": null, "amount": 10.0, "start_date": "2020-10-14", "end_date": "2020-10-24", "max_amount": 3.0, "group_product_id": 1, "product_id": 13}}, {"model": "Intense.discount_product", "pk": 2, "fields": {"discount_type": null, "amount": 30.0, "start_date": "2020-10-14", "end_date": "2020-10-28", "max_amount": 10.0, "group_product_id": 1, "product_id": 15}}, {"model": "Intense.discount_product", "pk": 3, "fields": {"discount_type": null, "amount": 50.0, "start_date": "2020-10-14", "end_date": "2020-10-31", "max_amount": 10.0, "group_product_id": 1, "product_id": 3}}, {"model": "Intense.discount_product", "pk": 4, "fields": {"discount_type": null, "amount": 40.0, "start_date": "2020-10-14", "end_date": "2020-11-06", "max_amount": 20.0, "group_product_id": 1, "product_id": 8}}, {"model": "Intense.discount_product", "pk": 5, "fields": {"discount_type": null, "amount": 40.0, "start_date": "2020-10-14", "end_date": "2020-10-21", "max_amount": 15.0, "group_product_id": 1, "product_id": 7}}, {"model": "Intense.discount_product", "pk": 6, "fields": {"discount_type": null, "amount": 400.0, "start_date": "2020-10-14", "end_date": "2020-10-21", "max_amount": 50.0, "group_product_id": 4, "product_id": 17}}, {"model": "Intense.faq", "pk": 1, "fields": {"question": "What is the return policy?", "ans": "-\tYou can return a product within 7 days of purchase and it will only be applicable if you don\u2019t cut or break the product packaging. \tYou need to keep the product ID to check whether the product is returnable or not.", "date": "2020-10-14"}}, {"model": "Intense.faq", "pk": 2, "fields": {"question": "What is the refund policy?", "ans": "-\tA product can be refunded only if the product is not broken, washed and not used. Obviously, you will need to contact the support team or open a support ticket within the limited time -7 days and fill up some policies like not braking-washed- company info not erased, etc.", "date": "2020-10-14"}}, {"model": "Intense.faq", "pk": 3, "fields": {"question": "What are the shipping options?", "ans": "-\tWe have Regular (5 to 7 working days, less cost) and Express (Faster, more costly).", "date": "2020-10-14"}}, {"model": "Intense.faq", "pk": 4, "fields": {"question": "What types of tax I\u2019ll have to pay?", "ans": "-\tVAT (4%-15% as per product policy) is added in your cost. You may cost extra tax for international delivery.", "date": "2020-10-14"}}, {"model": "Intense.faq", "pk": 5, "fields": {"question": "When will I receive my ordered product?", "ans": "-\tInside the city it will take 5 to 7 working days. If you go for \u201cout of the city\u201d option- it depends on Courier service (We hope it may take not more than 7 to 15 days).", "date": "2020-10-14"}}, {"model": "Intense.faq", "pk": 6, "fields": {"question": "International shipping possible?", "ans": "-\tYes, Possible. We offer international shipping by the help of various international courier service provider (i.e. FedEx, DHL, UPS, etc.).", "date": "2020-10-14"}}, {"model": "Intense.faq", "pk": 7, "fields": {"question": "How do I make change(s) I\u2019ve already placed?", "ans": "-\tYou\u2019ll need to edit the order before payment. If you want to cancel or edit after payment, you\u2019ll need to open a support ticket or contact the Support Team.", "date": "2020-10-14"}}, {"model": "Intense.faq", "pk": 8, "fields": {"question": "What to do if I receive a defective or wrong product?", "ans": "-\tYou can return the product/parcel by the delivery person or in other case you need to contact the Support Team within 24 hours.", "date": "2020-10-14"}}, {"model": "Intense.faq", "pk": 9, "fields": {"question": "Where are you located?", "ans": "-\tOur head office address: Road No. 03, Block: B, Niketan Housing Project, Gulshan: 01, Dhaka 1212", "date": "2020-10-14"}}, {"model": "Intense.faq", "pk": 10, "fields": {"question": "How is the product made and where do the materials come from?", "ans": "-\tIt depends on the product and Brands. We try highest make sure about the quality and the best materials.", "date": "2020-10-14"}}, {"model": "Intense.faq", "pk": 11, "fields": {"question": "How do I contact your company if my question isn\u2019t answered here?", "ans": "-\tPlease Contact to our Support Team or send a mail at support@mymarket.com.bd", "date": "2020-10-14"}}, {"model": "Intense.productspecification", "pk": 1, "fields": {"product_id": 1, "size": null, "weight": null, "color": "red", "quantity": 100}}, {"model": "Intense.productspecification", "pk": 2, "fields": {"product_id": 7, "size": null, "weight": null, "color": null, "quantity": 100}}, {"model": "Intense.productspecification", "pk": 3, "fields": {"product_id": 6, "size": null, "weight": null, "color": null, "quantity": 50}}, {"model": "Intense.productspecification", "pk": 4, "fields": {"product_id": 5, "size": null, "weight": null, "color": null, "quantity": 140}}, {"model": "Intense.productspecification", "pk": 5, "fields": {"product_id": 4, "size": null, "weight": null, "color": null, "quantity": 5}}, {"model": "Intense.productspecification", "pk": 6, "fields": {"product_id": 8, "size": null, "weight": null, "color": null, "quantity": 120}}, {"model": "Intense.warehouse", "pk": 1, "fields": {"warehouse_name": "ABC", "warehouse_location": "GUlshan", "product_quantity": 100, "specification_id": 1, "date": "2020-10-14", "shop_quantity": 0, "warehouse_quantity": 100}}, {"model": "Intense.warehouse", "pk": 3, "fields": {"warehouse_name": "Abc", "warehouse_location": "xyz", "product_quantity": 100, "specification_id": 2, "date": "2020-10-14", "shop_quantity": 0, "warehouse_quantity": 100}}, {"model": "Intense.warehouse", "pk": 4, "fields": {"warehouse_name": "Mnc", "warehouse_location": "dsds", "product_quantity": 50, "specification_id": 3, "date": "2020-10-14", "shop_quantity": 0, "warehouse_quantity": 50}}, {"model": "Intense.warehouse", "pk": 5, "fields": {"warehouse_name": "tyee", "warehouse_location": "rfff", "product_quantity": 140, "specification_id": 4, "date": "2020-10-14", "shop_quantity": 0, "warehouse_quantity": 0}}, {"model": "Intense.warehouse", "pk": 7, "fields": {"warehouse_name": "Mnc", "warehouse_location": "ggerge", "product_quantity": 5, "specification_id": 5, "date": "2020-10-14", "shop_quantity": 0, "warehouse_quantity": 0}}, {"model": "Intense.warehouse", "pk": 8, "fields": {"warehouse_name": "Abc", "warehouse_location": "ggerge", "product_quantity": 120, "specification_id": 6, "date": "2020-10-14", "shop_quantity": 0, "warehouse_quantity": 0}}, {"model": "admin.logentry", "pk": 1, "fields": {"action_time": "2020-10-12T10:15:25.259Z", "user": 1, "content_type": 22, "object_id": "1", "object_repr": "CompanyInfo object (1)", "action_flag": 1, "change_message": "[{\"added\": {}}]"}}, {"model": "admin.logentry", "pk": 2, "fields": {"action_time": "2020-10-12T11:20:48.778Z", "user": 1, "content_type": 53, "object_id": "1", "object_repr": "Product object (1)", "action_flag": 1, "change_message": "[{\"added\": {}}]"}}, {"model": "admin.logentry", "pk": 3, "fields": {"action_time": "2020-10-12T11:20:57.078Z", "user": 1, "content_type": 53, "object_id": "1", "object_repr": "Product object (1)", "action_flag": 2, "change_message": "[]"}}, {"model": "admin.logentry", "pk": 4, "fields": {"action_time": "2020-10-12T11:22:38.521Z", "user": 1, "content_type": 53, "object_id": "1", "object_repr": "Product object (1)", "action_flag": 2, "change_message": "[{\"changed\": {\"fields\": [\"title\", \"brand\", \"description\", \"key_features\", \"unit\", \"warranty\", \"origin\", \"shipping_country\"]}}]"}}, {"model": "admin.logentry", "pk": 5, "fields": {"action_time": "2020-10-12T11:22:44.524Z", "user": 1, "content_type": 53, "object_id": "1", "object_repr": "Product object (1)", "action_flag": 2, "change_message": "[]"}}, {"model": "admin.logentry", "pk": 6, "fields": {"action_time": "2020-10-12T11:23:19.305Z", "user": 1, "content_type": 34, "object_id": "1", "object_repr": "ProductImage object (1)", "action_flag": 1, "change_message": "[{\"added\": {}}]"}}, {"model": "admin.logentry", "pk": 7, "fields": {"action_time": "2020-10-12T11:23:33.263Z", "user": 1, "content_type": 34, "object_id": "2", "object_repr": "ProductImage object (2)", "action_flag": 1, "change_message": "[{\"added\": {}}]"}}, {"model": "admin.logentry", "pk": 8, "fields": {"action_time": "2020-10-12T11:24:38.718Z", "user": 1, "content_type": 34, "object_id": "1", "object_repr": "ProductImage object (1)", "action_flag": 2, "change_message": "[]"}}, {"model": "admin.logentry", "pk": 9, "fields": {"action_time": "2020-10-13T03:37:07.635Z", "user": 1, "content_type": 53, "object_id": "2", "object_repr": "Product object (2)", "action_flag": 1, "change_message": "[{\"added\": {}}]"}}, {"model": "admin.logentry", "pk": 10, "fields": {"action_time": "2020-10-13T03:38:17.626Z", "user": 1, "content_type": 34, "object_id": "3", "object_repr": "ProductImage object (3)", "action_flag": 1, "change_message": "[{\"added\": {}}]"}}, {"model": "admin.logentry", "pk": 11, "fields": {"action_time": "2020-10-13T03:38:59.315Z", "user": 1, "content_type": 34, "object_id": "4", "object_repr": "ProductImage object (4)", "action_flag": 1, "change_message": "[{\"added\": {}}]"}}, {"model": "admin.logentry", "pk": 12, "fields": {"action_time": "2020-10-13T03:40:14.876Z", "user": 1, "content_type": 34, "object_id": "5", "object_repr": "ProductImage object (5)", "action_flag": 1, "change_message": "[{\"added\": {}}]"}}, {"model": "admin.logentry", "pk": 13, "fields": {"action_time": "2020-10-13T03:40:38.361Z", "user": 1, "content_type": 34, "object_id": "6", "object_repr": "ProductImage object (6)", "action_flag": 1, "change_message": "[{\"added\": {}}]"}}, {"model": "admin.logentry", "pk": 14, "fields": {"action_time": "2020-10-13T03:45:15.264Z", "user": 1, "content_type": 53, "object_id": "2", "object_repr": "Product object (2)", "action_flag": 2, "change_message": "[{\"changed\": {\"fields\": [\"title\", \"brand\", \"description\", \"key_features\"]}}]"}}, {"model": "admin.logentry", "pk": 15, "fields": {"action_time": "2020-10-13T03:47:44.640Z", "user": 1, "content_type": 53, "object_id": "1", "object_repr": "Product object (1)", "action_flag": 2, "change_message": "[{\"changed\": {\"fields\": [\"title\", \"brand\", \"description\", \"key_features\", \"unit\", \"origin\", \"shipping_country\"]}}]"}}, {"model": "admin.logentry", "pk": 16, "fields": {"action_time": "2020-10-13T03:50:19.472Z", "user": 1, "content_type": 53, "object_id": "3", "object_repr": "Product object (3)", "action_flag": 1, "change_message": "[{\"added\": {}}]"}}, {"model": "admin.logentry", "pk": 17, "fields": {"action_time": "2020-10-13T03:52:49.654Z", "user": 1, "content_type": 53, "object_id": "4", "object_repr": "Product object (4)", "action_flag": 1, "change_message": "[{\"added\": {}}]"}}, {"model": "admin.logentry", "pk": 18, "fields": {"action_time": "2020-10-13T03:57:55.989Z", "user": 1, "content_type": 53, "object_id": "5", "object_repr": "Product object (5)", "action_flag": 1, "change_message": "[{\"added\": {}}]"}}, {"model": "admin.logentry", "pk": 19, "fields": {"action_time": "2020-10-13T03:59:36.896Z", "user": 1, "content_type": 34, "object_id": "1", "object_repr": "ProductImage object (1)", "action_flag": 2, "change_message": "[{\"changed\": {\"fields\": [\"product_image\"]}}]"}}, {"model": "admin.logentry", "pk": 20, "fields": {"action_time": "2020-10-13T03:59:48.528Z", "user": 1, "content_type": 34, "object_id": "2", "object_repr": "ProductImage object (2)", "action_flag": 2, "change_message": "[{\"changed\": {\"fields\": [\"product_image\"]}}]"}}, {"model": "admin.logentry", "pk": 21, "fields": {"action_time": "2020-10-13T04:00:01.962Z", "user": 1, "content_type": 53, "object_id": "1", "object_repr": "Product object (1)", "action_flag": 2, "change_message": "[]"}}, {"model": "admin.logentry", "pk": 22, "fields": {"action_time": "2020-10-13T04:00:27.802Z", "user": 1, "content_type": 34, "object_id": "3", "object_repr": "ProductImage object (3)", "action_flag": 2, "change_message": "[{\"changed\": {\"fields\": [\"product_image\"]}}]"}}, {"model": "admin.logentry", "pk": 23, "fields": {"action_time": "2020-10-13T04:00:55.015Z", "user": 1, "content_type": 34, "object_id": "4", "object_repr": "ProductImage object (4)", "action_flag": 2, "change_message": "[{\"changed\": {\"fields\": [\"product_image\"]}}]"}}, {"model": "admin.logentry", "pk": 24, "fields": {"action_time": "2020-10-13T04:01:11.680Z", "user": 1, "content_type": 34, "object_id": "5", "object_repr": "ProductImage object (5)", "action_flag": 2, "change_message": "[{\"changed\": {\"fields\": [\"product_image\"]}}]"}}, {"model": "admin.logentry", "pk": 25, "fields": {"action_time": "2020-10-13T04:01:36.093Z", "user": 1, "content_type": 34, "object_id": "6", "object_repr": "ProductImage object (6)", "action_flag": 2, "change_message": "[{\"changed\": {\"fields\": [\"product_image\"]}}]"}}, {"model": "admin.logentry", "pk": 26, "fields": {"action_time": "2020-10-13T04:01:53.561Z", "user": 1, "content_type": 34, "object_id": "7", "object_repr": "ProductImage object (7)", "action_flag": 1, "change_message": "[{\"added\": {}}]"}}, {"model": "admin.logentry", "pk": 27, "fields": {"action_time": "2020-10-13T04:02:01.223Z", "user": 1, "content_type": 34, "object_id": "7", "object_repr": "ProductImage object (7)", "action_flag": 2, "change_message": "[]"}}, {"model": "admin.logentry", "pk": 28, "fields": {"action_time": "2020-10-13T04:03:01.528Z", "user": 1, "content_type": 34, "object_id": "8", "object_repr": "ProductImage object (8)", "action_flag": 1, "change_message": "[{\"added\": {}}]"}}, {"model": "admin.logentry", "pk": 29, "fields": {"action_time": "2020-10-13T04:03:17.707Z", "user": 1, "content_type": 34, "object_id": "9", "object_repr": "ProductImage object (9)", "action_flag": 1, "change_message": "[{\"added\": {}}]"}}, {"model": "admin.logentry", "pk": 30, "fields": {"action_time": "2020-10-13T04:03:31.399Z", "user": 1, "content_type": 34, "object_id": "10", "object_repr": "ProductImage object (10)", "action_flag": 1, "change_message": "[{\"added\": {}}]"}}, {"model": "admin.logentry", "pk": 31, "fields": {"action_time": "2020-10-13T04:03:41.684Z", "user": 1, "content_type": 34, "object_id": "11", "object_repr": "ProductImage object (11)", "action_flag": 1, "change_message": "[{\"added\": {}}]"}}, {"model": "admin.logentry", "pk": 32, "fields": {"action_time": "2020-10-13T04:17:02.488Z", "user": 1, "content_type": 34, "object_id": "12", "object_repr": "ProductImage object (12)", "action_flag": 1, "change_message": "[{\"added\": {}}]"}}, {"model": "admin.logentry", "pk": 33, "fields": {"action_time": "2020-10-13T04:17:15.382Z", "user": 1, "content_type": 34, "object_id": "13", "object_repr": "ProductImage object (13)", "action_flag": 1, "change_message": "[{\"added\": {}}]"}}, {"model": "admin.logentry", "pk": 34, "fields": {"action_time": "2020-10-13T04:17:32.659Z", "user": 1, "content_type": 34, "object_id": "14", "object_repr": "ProductImage object (14)", "action_flag": 1, "change_message": "[{\"added\": {}}]"}}, {"model": "admin.logentry", "pk": 35, "fields": {"action_time": "2020-10-13T04:18:39.828Z", "user": 1, "content_type": 34, "object_id": "15", "object_repr": "ProductImage object (15)", "action_flag": 1, "change_message": "[{\"added\": {}}]"}}, {"model": "admin.logentry", "pk": 36, "fields": {"action_time": "2020-10-13T04:18:52.861Z", "user": 1, "content_type": 34, "object_id": "16", "object_repr": "ProductImage object (16)", "action_flag": 1, "change_message": "[{\"added\": {}}]"}}, {"model": "admin.logentry", "pk": 37, "fields": {"action_time": "2020-10-13T04:19:07.868Z", "user": 1, "content_type": 34, "object_id": "17", "object_repr": "ProductImage object (17)", "action_flag": 1, "change_message": "[{\"added\": {}}]"}}, {"model": "admin.logentry", "pk": 38, "fields": {"action_time": "2020-10-13T04:19:26.703Z", "user": 1, "content_type": 34, "object_id": "18", "object_repr": "ProductImage object (18)", "action_flag": 1, "change_message": "[{\"added\": {}}]"}}, {"model": "admin.logentry", "pk": 39, "fields": {"action_time": "2020-10-13T04:19:37.189Z", "user": 1, "content_type": 34, "object_id": "19", "object_repr": "ProductImage object (19)", "action_flag": 1, "change_message": "[{\"added\": {}}]"}}, {"model": "admin.logentry", "pk": 40, "fields": {"action_time": "2020-10-13T04:43:41.659Z", "user": 1, "content_type": 53, "object_id": "6", "object_repr": "Product object (6)", "action_flag": 1, "change_message": "[{\"added\": {}}]"}}, {"model": "admin.logentry", "pk": 41, "fields": {"action_time": "2020-10-13T04:45:14.799Z", "user": 1, "content_type": 53, "object_id": "7", "object_repr": "Product object (7)", "action_flag": 1, "change_message": "[{\"added\": {}}]"}}, {"model": "admin.logentry", "pk": 42, "fields": {"action_time": "2020-10-13T04:46:56.486Z", "user": 1, "content_type": 53, "object_id": "8", "object_repr": "Product object (8)", "action_flag": 1, "change_message": "[{\"added\": {}}]"}}, {"model": "admin.logentry", "pk": 43, "fields": {"action_time": "2020-10-13T04:49:07.844Z", "user": 1, "content_type": 53, "object_id": "9", "object_repr": "Product object (9)", "action_flag": 1, "change_message": "[{\"added\": {}}]"}}, {"model": "admin.logentry", "pk": 44, "fields": {"action_time": "2020-10-13T04:50:03.809Z", "user": 1, "content_type": 53, "object_id": "9", "object_repr": "Product object (9)", "action_flag": 2, "change_message": "[{\"changed\": {\"fields\": [\"key_features\", \"unit\", \"origin\", \"shipping_country\"]}}]"}}, {"model": "admin.logentry", "pk": 45, "fields": {"action_time": "2020-10-13T04:53:08.488Z", "user": 1, "content_type": 53, "object_id": "10", "object_repr": "Product object (10)", "action_flag": 1, "change_message": "[{\"added\": {}}]"}}, {"model": "admin.logentry", "pk": 46, "fields": {"action_time": "2020-10-13T04:58:15.171Z", "user": 1, "content_type": 53, "object_id": "11", "object_repr": "Product object (11)", "action_flag": 1, "change_message": "[{\"added\": {}}]"}}, {"model": "admin.logentry", "pk": 47, "fields": {"action_time": "2020-10-13T05:00:40.354Z", "user": 1, "content_type": 53, "object_id": "12", "object_repr": "Product object (12)", "action_flag": 1, "change_message": "[{\"added\": {}}]"}}, {"model": "admin.logentry", "pk": 48, "fields": {"action_time": "2020-10-13T05:03:37.465Z", "user": 1, "content_type": 53, "object_id": "13", "object_repr": "Product object (13)", "action_flag": 1, "change_message": "[{\"added\": {}}]"}}, {"model": "admin.logentry", "pk": 49, "fields": {"action_time": "2020-10-13T05:07:05.262Z", "user": 1, "content_type": 53, "object_id": "14", "object_repr": "Product object (14)", "action_flag": 1, "change_message": "[{\"added\": {}}]"}}, {"model": "admin.logentry", "pk": 50, "fields": {"action_time": "2020-10-13T05:09:02.293Z", "user": 1, "content_type": 53, "object_id": "15", "object_repr": "Product object (15)", "action_flag": 1, "change_message": "[{\"added\": {}}]"}}, {"model": "admin.logentry", "pk": 51, "fields": {"action_time": "2020-10-13T05:10:01.826Z", "user": 1, "content_type": 53, "object_id": "16", "object_repr": "Product object (16)", "action_flag": 1, "change_message": "[{\"added\": {}}]"}}, {"model": "admin.logentry", "pk": 52, "fields": {"action_time": "2020-10-13T05:13:29.729Z", "user": 1, "content_type": 34, "object_id": "20", "object_repr": "ProductImage object (20)", "action_flag": 1, "change_message": "[{\"added\": {}}]"}}, {"model": "admin.logentry", "pk": 53, "fields": {"action_time": "2020-10-13T05:13:44.837Z", "user": 1, "content_type": 34, "object_id": "21", "object_repr": "ProductImage object (21)", "action_flag": 1, "change_message": "[{\"added\": {}}]"}}, {"model": "admin.logentry", "pk": 54, "fields": {"action_time": "2020-10-13T05:14:01.673Z", "user": 1, "content_type": 34, "object_id": "22", "object_repr": "ProductImage object (22)", "action_flag": 1, "change_message": "[{\"added\": {}}]"}}, {"model": "admin.logentry", "pk": 55, "fields": {"action_time": "2020-10-13T05:14:15.408Z", "user": 1, "content_type": 34, "object_id": "23", "object_repr": "ProductImage object (23)", "action_flag": 1, "change_message": "[{\"added\": {}}]"}}, {"model": "admin.logentry", "pk": 56, "fields": {"action_time": "2020-10-13T05:14:27.480Z", "user": 1, "content_type": 34, "object_id": "24", "object_repr": "ProductImage object (24)", "action_flag": 1, "change_message": "[{\"added\": {}}]"}}, {"model": "admin.logentry", "pk": 57, "fields": {"action_time": "2020-10-13T05:18:58.101Z", "user": 1, "content_type": 34, "object_id": "25", "object_repr": "ProductImage object (25)", "action_flag": 1, "change_message": "[{\"added\": {}}]"}}, {"model": "admin.logentry", "pk": 58, "fields": {"action_time": "2020-10-13T05:19:34.617Z", "user": 1, "content_type": 34, "object_id": "26", "object_repr": "ProductImage object (26)", "action_flag": 1, "change_message": "[{\"added\": {}}]"}}, {"model": "admin.logentry", "pk": 59, "fields": {"action_time": "2020-10-13T05:20:16.788Z", "user": 1, "content_type": 34, "object_id": "27", "object_repr": "ProductImage object (27)", "action_flag": 1, "change_message": "[{\"added\": {}}]"}}, {"model": "admin.logentry", "pk": 60, "fields": {"action_time": "2020-10-13T05:20:41.568Z", "user": 1, "content_type": 34, "object_id": "28", "object_repr": "ProductImage object (28)", "action_flag": 1, "change_message": "[{\"added\": {}}]"}}, {"model": "admin.logentry", "pk": 61, "fields": {"action_time": "2020-10-13T05:20:54.356Z", "user": 1, "content_type": 34, "object_id": "29", "object_repr": "ProductImage object (29)", "action_flag": 1, "change_message": "[{\"added\": {}}]"}}, {"model": "admin.logentry", "pk": 62, "fields": {"action_time": "2020-10-13T05:21:07.939Z", "user": 1, "content_type": 34, "object_id": "30", "object_repr": "ProductImage object (30)", "action_flag": 1, "change_message": "[{\"added\": {}}]"}}, {"model": "admin.logentry", "pk": 63, "fields": {"action_time": "2020-10-13T05:21:37.988Z", "user": 1, "content_type": 34, "object_id": "31", "object_repr": "ProductImage object (31)", "action_flag": 1, "change_message": "[{\"added\": {}}]"}}, {"model": "admin.logentry", "pk": 64, "fields": {"action_time": "2020-10-13T05:21:50.843Z", "user": 1, "content_type": 34, "object_id": "32", "object_repr": "ProductImage object (32)", "action_flag": 1, "change_message": "[{\"added\": {}}]"}}, {"model": "admin.logentry", "pk": 65, "fields": {"action_time": "2020-10-13T05:31:46.208Z", "user": 1, "content_type": 34, "object_id": "33", "object_repr": "ProductImage object (33)", "action_flag": 1, "change_message": "[{\"added\": {}}]"}}, {"model": "admin.logentry", "pk": 66, "fields": {"action_time": "2020-10-13T05:31:59.828Z", "user": 1, "content_type": 34, "object_id": "34", "object_repr": "ProductImage object (34)", "action_flag": 1, "change_message": "[{\"added\": {}}]"}}, {"model": "admin.logentry", "pk": 67, "fields": {"action_time": "2020-10-13T05:32:09.003Z", "user": 1, "content_type": 34, "object_id": "35", "object_repr": "ProductImage object (35)", "action_flag": 1, "change_message": "[{\"added\": {}}]"}}, {"model": "admin.logentry", "pk": 68, "fields": {"action_time": "2020-10-13T05:32:36.524Z", "user": 1, "content_type": 34, "object_id": "36", "object_repr": "ProductImage object (36)", "action_flag": 1, "change_message": "[{\"added\": {}}]"}}, {"model": "admin.logentry", "pk": 69, "fields": {"action_time": "2020-10-13T05:33:15.905Z", "user": 1, "content_type": 34, "object_id": "37", "object_repr": "ProductImage object (37)", "action_flag": 1, "change_message": "[{\"added\": {}}]"}}, {"model": "admin.logentry", "pk": 70, "fields": {"action_time": "2020-10-13T05:33:39.810Z", "user": 1, "content_type": 34, "object_id": "38", "object_repr": "ProductImage object (38)", "action_flag": 1, "change_message": "[{\"added\": {}}]"}}, {"model": "admin.logentry", "pk": 71, "fields": {"action_time": "2020-10-13T05:33:47.601Z", "user": 1, "content_type": 34, "object_id": "37", "object_repr": "ProductImage object (37)", "action_flag": 2, "change_message": "[{\"changed\": {\"fields\": [\"product_id\"]}}]"}}, {"model": "admin.logentry", "pk": 72, "fields": {"action_time": "2020-10-13T05:34:28.471Z", "user": 1, "content_type": 34, "object_id": "39", "object_repr": "ProductImage object (39)", "action_flag": 1, "change_message": "[{\"added\": {}}]"}}, {"model": "admin.logentry", "pk": 73, "fields": {"action_time": "2020-10-13T05:35:57.115Z", "user": 1, "content_type": 34, "object_id": "40", "object_repr": "ProductImage object (40)", "action_flag": 1, "change_message": "[{\"added\": {}}]"}}, {"model": "admin.logentry", "pk": 74, "fields": {"action_time": "2020-10-13T05:36:21.667Z", "user": 1, "content_type": 34, "object_id": "41", "object_repr": "ProductImage object (41)", "action_flag": 1, "change_message": "[{\"added\": {}}]"}}, {"model": "admin.logentry", "pk": 75, "fields": {"action_time": "2020-10-13T05:36:50.779Z", "user": 1, "content_type": 34, "object_id": "42", "object_repr": "ProductImage object (42)", "action_flag": 1, "change_message": "[{\"added\": {}}]"}}, {"model": "admin.logentry", "pk": 76, "fields": {"action_time": "2020-10-13T05:37:02.543Z", "user": 1, "content_type": 34, "object_id": "43", "object_repr": "ProductImage object (43)", "action_flag": 1, "change_message": "[{\"added\": {}}]"}}, {"model": "admin.logentry", "pk": 77, "fields": {"action_time": "2020-10-13T05:38:07.756Z", "user": 1, "content_type": 34, "object_id": "44", "object_repr": "ProductImage object (44)", "action_flag": 1, "change_message": "[{\"added\": {}}]"}}, {"model": "admin.logentry", "pk": 78, "fields": {"action_time": "2020-10-13T05:38:19.284Z", "user": 1, "content_type": 34, "object_id": "45", "object_repr": "ProductImage object (45)", "action_flag": 1, "change_message": "[{\"added\": {}}]"}}, {"model": "admin.logentry", "pk": 79, "fields": {"action_time": "2020-10-13T05:45:30.845Z", "user": 1, "content_type": 34, "object_id": "46", "object_repr": "ProductImage object (46)", "action_flag": 1, "change_message": "[{\"added\": {}}]"}}, {"model": "admin.logentry", "pk": 80, "fields": {"action_time": "2020-10-13T05:45:46.636Z", "user": 1, "content_type": 34, "object_id": "47", "object_repr": "ProductImage object (47)", "action_flag": 1, "change_message": "[{\"added\": {}}]"}}, {"model": "admin.logentry", "pk": 81, "fields": {"action_time": "2020-10-13T05:46:07.791Z", "user": 1, "content_type": 34, "object_id": "48", "object_repr": "ProductImage object (48)", "action_flag": 1, "change_message": "[{\"added\": {}}]"}}, {"model": "admin.logentry", "pk": 82, "fields": {"action_time": "2020-10-13T05:46:22.369Z", "user": 1, "content_type": 34, "object_id": "49", "object_repr": "ProductImage object (49)", "action_flag": 1, "change_message": "[{\"added\": {}}]"}}, {"model": "admin.logentry", "pk": 83, "fields": {"action_time": "2020-10-13T05:46:36.398Z", "user": 1, "content_type": 34, "object_id": "50", "object_repr": "ProductImage object (50)", "action_flag": 1, "change_message": "[{\"added\": {}}]"}}, {"model": "admin.logentry", "pk": 84, "fields": {"action_time": "2020-10-13T05:47:12.436Z", "user": 1, "content_type": 34, "object_id": "51", "object_repr": "ProductImage object (51)", "action_flag": 1, "change_message": "[{\"added\": {}}]"}}, {"model": "admin.logentry", "pk": 85, "fields": {"action_time": "2020-10-13T05:47:24.436Z", "user": 1, "content_type": 34, "object_id": "52", "object_repr": "ProductImage object (52)", "action_flag": 1, "change_message": "[{\"added\": {}}]"}}, {"model": "admin.logentry", "pk": 86, "fields": {"action_time": "2020-10-13T05:48:25.261Z", "user": 1, "content_type": 34, "object_id": "53", "object_repr": "ProductImage object (53)", "action_flag": 1, "change_message": "[{\"added\": {}}]"}}, {"model": "admin.logentry", "pk": 87, "fields": {"action_time": "2020-10-13T05:48:38.210Z", "user": 1, "content_type": 34, "object_id": "54", "object_repr": "ProductImage object (54)", "action_flag": 1, "change_message": "[{\"added\": {}}]"}}, {"model": "admin.logentry", "pk": 88, "fields": {"action_time": "2020-10-13T05:49:32.898Z", "user": 1, "content_type": 34, "object_id": "55", "object_repr": "ProductImage object (55)", "action_flag": 1, "change_message": "[{\"added\": {}}]"}}, {"model": "admin.logentry", "pk": 89, "fields": {"action_time": "2020-10-13T05:50:17.859Z", "user": 1, "content_type": 34, "object_id": "56", "object_repr": "ProductImage object (56)", "action_flag": 1, "change_message": "[{\"added\": {}}]"}}, {"model": "admin.logentry", "pk": 90, "fields": {"action_time": "2020-10-13T06:11:14.245Z", "user": 1, "content_type": 53, "object_id": "17", "object_repr": "Product object (17)", "action_flag": 1, "change_message": "[{\"added\": {}}]"}}, {"model": "admin.logentry", "pk": 91, "fields": {"action_time": "2020-10-13T06:11:27.375Z", "user": 1, "content_type": 53, "object_id": "17", "object_repr": "Product object (17)", "action_flag": 2, "change_message": "[{\"changed\": {\"fields\": [\"title\"]}}]"}}, {"model": "admin.logentry", "pk": 92, "fields": {"action_time": "2020-10-13T06:18:35.382Z", "user": 1, "content_type": 53, "object_id": "18", "object_repr": "Product object (18)", "action_flag": 1, "change_message": "[{\"added\": {}}]"}}, {"model": "admin.logentry", "pk": 93, "fields": {"action_time": "2020-10-13T06:19:15.522Z", "user": 1, "content_type": 53, "object_id": "18", "object_repr": "Product object (18)", "action_flag": 2, "change_message": "[{\"changed\": {\"fields\": [\"unit\"]}}]"}}, {"model": "admin.logentry", "pk": 94, "fields": {"action_time": "2020-10-13T06:20:58.994Z", "user": 1, "content_type": 53, "object_id": "19", "object_repr": "Product object (19)", "action_flag": 1, "change_message": "[{\"added\": {}}]"}}, {"model": "admin.logentry", "pk": 95, "fields": {"action_time": "2020-10-13T06:25:53.439Z", "user": 1, "content_type": 53, "object_id": "20", "object_repr": "Product object (20)", "action_flag": 1, "change_message": "[{\"added\": {}}]"}}, {"model": "admin.logentry", "pk": 96, "fields": {"action_time": "2020-10-13T06:27:43.717Z", "user": 1, "content_type": 34, "object_id": "57", "object_repr": "ProductImage object (57)", "action_flag": 1, "change_message": "[{\"added\": {}}]"}}, {"model": "admin.logentry", "pk": 97, "fields": {"action_time": "2020-10-13T06:29:55.549Z", "user": 1, "content_type": 53, "object_id": "20", "object_repr": "Product object (20)", "action_flag": 2, "change_message": "[]"}}, {"model": "admin.logentry", "pk": 98, "fields": {"action_time": "2020-10-13T06:31:30.332Z", "user": 1, "content_type": 34, "object_id": "57", "object_repr": "ProductImage object (57)", "action_flag": 2, "change_message": "[]"}}, {"model": "admin.logentry", "pk": 99, "fields": {"action_time": "2020-10-13T06:31:46.683Z", "user": 1, "content_type": 34, "object_id": "58", "object_repr": "ProductImage object (58)", "action_flag": 1, "change_message": "[{\"added\": {}}]"}}, {"model": "admin.logentry", "pk": 100, "fields": {"action_time": "2020-10-13T06:32:05.050Z", "user": 1, "content_type": 34, "object_id": "59", "object_repr": "ProductImage object (59)", "action_flag": 1, "change_message": "[{\"added\": {}}]"}}, {"model": "admin.logentry", "pk": 101, "fields": {"action_time": "2020-10-13T06:32:17.907Z", "user": 1, "content_type": 34, "object_id": "60", "object_repr": "ProductImage object (60)", "action_flag": 1, "change_message": "[{\"added\": {}}]"}}, {"model": "admin.logentry", "pk": 102, "fields": {"action_time": "2020-10-13T06:32:23.086Z", "user": 1, "content_type": 34, "object_id": "59", "object_repr": "ProductImage object (59)", "action_flag": 2, "change_message": "[]"}}, {"model": "admin.logentry", "pk": 103, "fields": {"action_time": "2020-10-13T06:32:37.027Z", "user": 1, "content_type": 34, "object_id": "61", "object_repr": "ProductImage object (61)", "action_flag": 1, "change_message": "[{\"added\": {}}]"}}, {"model": "admin.logentry", "pk": 104, "fields": {"action_time": "2020-10-13T06:32:54.620Z", "user": 1, "content_type": 34, "object_id": "62", "object_repr": "ProductImage object (62)", "action_flag": 1, "change_message": "[{\"added\": {}}]"}}, {"model": "admin.logentry", "pk": 105, "fields": {"action_time": "2020-10-13T06:34:30.942Z", "user": 1, "content_type": 34, "object_id": "61", "object_repr": "ProductImage object (61)", "action_flag": 2, "change_message": "[{\"changed\": {\"fields\": [\"product_image\"]}}]"}}, {"model": "admin.logentry", "pk": 106, "fields": {"action_time": "2020-10-13T06:34:45.923Z", "user": 1, "content_type": 34, "object_id": "62", "object_repr": "ProductImage object (62)", "action_flag": 2, "change_message": "[{\"changed\": {\"fields\": [\"product_image\"]}}]"}}, {"model": "admin.logentry", "pk": 107, "fields": {"action_time": "2020-10-13T06:35:10.780Z", "user": 1, "content_type": 34, "object_id": "63", "object_repr": "ProductImage object (63)", "action_flag": 1, "change_message": "[{\"added\": {}}]"}}, {"model": "admin.logentry", "pk": 108, "fields": {"action_time": "2020-10-13T06:38:58.382Z", "user": 1, "content_type": 53, "object_id": "1", "object_repr": "Product object (1)", "action_flag": 2, "change_message": "[]"}}, {"model": "admin.logentry", "pk": 109, "fields": {"action_time": "2020-10-13T06:39:45.720Z", "user": 1, "content_type": 34, "object_id": "64", "object_repr": "ProductImage object (64)", "action_flag": 1, "change_message": "[{\"added\": {}}]"}}, {"model": "admin.logentry", "pk": 110, "fields": {"action_time": "2020-10-13T06:40:16.747Z", "user": 1, "content_type": 34, "object_id": "65", "object_repr": "ProductImage object (65)", "action_flag": 1, "change_message": "[{\"added\": {}}]"}}, {"model": "admin.logentry", "pk": 111, "fields": {"action_time": "2020-10-13T07:08:06.955Z", "user": 1, "content_type": 34, "object_id": "1", "object_repr": "ProductImage object (1)", "action_flag": 2, "change_message": "[{\"changed\": {\"fields\": [\"product_image\"]}}]"}}, {"model": "admin.logentry", "pk": 112, "fields": {"action_time": "2020-10-13T07:08:32.760Z", "user": 1, "content_type": 34, "object_id": "1", "object_repr": "ProductImage object (1)", "action_flag": 2, "change_message": "[{\"changed\": {\"fields\": [\"product_image\", \"image_url\"]}}]"}}, {"model": "admin.logentry", "pk": 113, "fields": {"action_time": "2020-10-13T08:17:40.620Z", "user": 1, "content_type": 34, "object_id": "1", "object_repr": "ProductImage object (1)", "action_flag": 2, "change_message": "[{\"changed\": {\"fields\": [\"product_image\"]}}]"}}, {"model": "admin.logentry", "pk": 114, "fields": {"action_time": "2020-10-13T08:17:54.304Z", "user": 1, "content_type": 34, "object_id": "1", "object_repr": "ProductImage object (1)", "action_flag": 2, "change_message": "[{\"changed\": {\"fields\": [\"product_image\", \"image_url\"]}}]"}}, {"model": "admin.logentry", "pk": 115, "fields": {"action_time": "2020-10-13T08:54:25.381Z", "user": 1, "content_type": 34, "object_id": "1", "object_repr": "ProductImage object (1)", "action_flag": 2, "change_message": "[{\"changed\": {\"fields\": [\"product_image\"]}}]"}}, {"model": "admin.logentry", "pk": 116, "fields": {"action_time": "2020-10-13T08:54:37.071Z", "user": 1, "content_type": 34, "object_id": "1", "object_repr": "ProductImage object (1)", "action_flag": 2, "change_message": "[{\"changed\": {\"fields\": [\"product_image\", \"image_url\"]}}]"}}, {"model": "admin.logentry", "pk": 117, "fields": {"action_time": "2020-10-13T08:56:07.647Z", "user": 1, "content_type": 34, "object_id": "2", "object_repr": "ProductImage object (2)", "action_flag": 2, "change_message": "[{\"changed\": {\"fields\": [\"product_image\"]}}]"}}, {"model": "admin.logentry", "pk": 118, "fields": {"action_time": "2020-10-13T08:56:20.085Z", "user": 1, "content_type": 34, "object_id": "2", "object_repr": "ProductImage object (2)", "action_flag": 2, "change_message": "[{\"changed\": {\"fields\": [\"product_image\", \"image_url\"]}}]"}}, {"model": "admin.logentry", "pk": 119, "fields": {"action_time": "2020-10-13T08:57:15.663Z", "user": 1, "content_type": 34, "object_id": "1", "object_repr": "ProductImage object (1)", "action_flag": 2, "change_message": "[{\"changed\": {\"fields\": [\"product_image\"]}}]"}}, {"model": "admin.logentry", "pk": 120, "fields": {"action_time": "2020-10-13T08:57:26.739Z", "user": 1, "content_type": 34, "object_id": "1", "object_repr": "ProductImage object (1)", "action_flag": 2, "change_message": "[{\"changed\": {\"fields\": [\"product_image\", \"image_url\"]}}]"}}, {"model": "admin.logentry", "pk": 121, "fields": {"action_time": "2020-10-13T09:01:19.471Z", "user": 1, "content_type": 16, "object_id": "1", "object_repr": "Banner object (1)", "action_flag": 1, "change_message": "[{\"added\": {}}]"}}, {"model": "admin.logentry", "pk": 122, "fields": {"action_time": "2020-10-13T09:01:59.333Z", "user": 1, "content_type": 17, "object_id": "1", "object_repr": "Banner_Image object (1)", "action_flag": 1, "change_message": "[{\"added\": {}}]"}}, {"model": "admin.logentry", "pk": 123, "fields": {"action_time": "2020-10-13T09:02:14.648Z", "user": 1, "content_type": 17, "object_id": "2", "object_repr": "Banner_Image object (2)", "action_flag": 1, "change_message": "[{\"added\": {}}]"}}, {"model": "admin.logentry", "pk": 124, "fields": {"action_time": "2020-10-13T09:02:30.462Z", "user": 1, "content_type": 17, "object_id": "3", "object_repr": "Banner_Image object (3)", "action_flag": 1, "change_message": "[{\"added\": {}}]"}}, {"model": "admin.logentry", "pk": 125, "fields": {"action_time": "2020-10-13T09:06:26.577Z", "user": 1, "content_type": 19, "object_id": "1", "object_repr": "Category object (1)", "action_flag": 1, "change_message": "[{\"added\": {}}]"}}, {"model": "admin.logentry", "pk": 126, "fields": {"action_time": "2020-10-13T09:06:48.041Z", "user": 1, "content_type": 19, "object_id": "2", "object_repr": "Category object (2)", "action_flag": 1, "change_message": "[{\"added\": {}}]"}}, {"model": "admin.logentry", "pk": 127, "fields": {"action_time": "2020-10-13T09:11:37.181Z", "user": 1, "content_type": 53, "object_id": "1", "object_repr": "Product object (1)", "action_flag": 2, "change_message": "[{\"changed\": {\"fields\": [\"category_id\"]}}]"}}, {"model": "admin.logentry", "pk": 128, "fields": {"action_time": "2020-10-13T09:12:03.721Z", "user": 1, "content_type": 34, "object_id": "1", "object_repr": "ProductImage object (1)", "action_flag": 2, "change_message": "[{\"changed\": {\"fields\": [\"product_image\"]}}]"}}, {"model": "admin.logentry", "pk": 129, "fields": {"action_time": "2020-10-13T09:12:48.218Z", "user": 1, "content_type": 34, "object_id": "1", "object_repr": "ProductImage object (1)", "action_flag": 2, "change_message": "[{\"changed\": {\"fields\": [\"product_image\", \"image_url\"]}}]"}}, {"model": "admin.logentry", "pk": 130, "fields": {"action_time": "2020-10-13T09:12:58.548Z", "user": 1, "content_type": 34, "object_id": "2", "object_repr": "ProductImage object (2)", "action_flag": 2, "change_message": "[{\"changed\": {\"fields\": [\"product_image\"]}}]"}}, {"model": "admin.logentry", "pk": 131, "fields": {"action_time": "2020-10-13T09:13:18.518Z", "user": 1, "content_type": 34, "object_id": "2", "object_repr": "ProductImage object (2)", "action_flag": 2, "change_message": "[{\"changed\": {\"fields\": [\"product_image\", \"image_url\"]}}]"}}, {"model": "admin.logentry", "pk": 132, "fields": {"action_time": "2020-10-13T09:14:08.296Z", "user": 1, "content_type": 34, "object_id": "66", "object_repr": "ProductImage object (66)", "action_flag": 1, "change_message": "[{\"added\": {}}]"}}, {"model": "admin.logentry", "pk": 133, "fields": {"action_time": "2020-10-13T09:14:53.045Z", "user": 1, "content_type": 34, "object_id": "3", "object_repr": "ProductImage object (3)", "action_flag": 2, "change_message": "[{\"changed\": {\"fields\": [\"product_image\"]}}]"}}, {"model": "admin.logentry", "pk": 134, "fields": {"action_time": "2020-10-13T09:15:21.938Z", "user": 1, "content_type": 34, "object_id": "3", "object_repr": "ProductImage object (3)", "action_flag": 2, "change_message": "[{\"changed\": {\"fields\": [\"product_image\", \"image_url\"]}}]"}}, {"model": "admin.logentry", "pk": 135, "fields": {"action_time": "2020-10-13T09:15:39.916Z", "user": 1, "content_type": 34, "object_id": "4", "object_repr": "ProductImage object (4)", "action_flag": 2, "change_message": "[{\"changed\": {\"fields\": [\"product_image\"]}}]"}}, {"model": "admin.logentry", "pk": 136, "fields": {"action_time": "2020-10-13T09:15:53.031Z", "user": 1, "content_type": 34, "object_id": "4", "object_repr": "ProductImage object (4)", "action_flag": 2, "change_message": "[{\"changed\": {\"fields\": [\"product_image\", \"image_url\"]}}]"}}, {"model": "admin.logentry", "pk": 137, "fields": {"action_time": "2020-10-13T09:16:04.330Z", "user": 1, "content_type": 34, "object_id": "5", "object_repr": "ProductImage object (5)", "action_flag": 2, "change_message": "[{\"changed\": {\"fields\": [\"product_image\"]}}]"}}, {"model": "admin.logentry", "pk": 138, "fields": {"action_time": "2020-10-13T09:16:20.980Z", "user": 1, "content_type": 34, "object_id": "5", "object_repr": "ProductImage object (5)", "action_flag": 2, "change_message": "[{\"changed\": {\"fields\": [\"product_image\", \"image_url\"]}}]"}}, {"model": "admin.logentry", "pk": 139, "fields": {"action_time": "2020-10-13T09:16:33.037Z", "user": 1, "content_type": 34, "object_id": "6", "object_repr": "ProductImage object (6)", "action_flag": 2, "change_message": "[{\"changed\": {\"fields\": [\"product_image\"]}}]"}}, {"model": "admin.logentry", "pk": 140, "fields": {"action_time": "2020-10-13T09:16:46.516Z", "user": 1, "content_type": 34, "object_id": "6", "object_repr": "ProductImage object (6)", "action_flag": 2, "change_message": "[{\"changed\": {\"fields\": [\"product_image\", \"image_url\"]}}]"}}, {"model": "admin.logentry", "pk": 141, "fields": {"action_time": "2020-10-13T09:16:54.092Z", "user": 1, "content_type": 34, "object_id": "7", "object_repr": "ProductImage object (7)", "action_flag": 2, "change_message": "[{\"changed\": {\"fields\": [\"product_image\"]}}]"}}, {"model": "admin.logentry", "pk": 142, "fields": {"action_time": "2020-10-13T09:17:04.532Z", "user": 1, "content_type": 34, "object_id": "7", "object_repr": "ProductImage object (7)", "action_flag": 2, "change_message": "[{\"changed\": {\"fields\": [\"product_image\", \"image_url\"]}}]"}}, {"model": "admin.logentry", "pk": 143, "fields": {"action_time": "2020-10-13T09:18:16.787Z", "user": 1, "content_type": 34, "object_id": "7", "object_repr": "ProductImage object (7)", "action_flag": 2, "change_message": "[]"}}, {"model": "admin.logentry", "pk": 144, "fields": {"action_time": "2020-10-13T09:18:33.440Z", "user": 1, "content_type": 34, "object_id": "7", "object_repr": "ProductImage object (7)", "action_flag": 2, "change_message": "[]"}}, {"model": "admin.logentry", "pk": 145, "fields": {"action_time": "2020-10-13T09:18:53.485Z", "user": 1, "content_type": 34, "object_id": "8", "object_repr": "ProductImage object (8)", "action_flag": 2, "change_message": "[{\"changed\": {\"fields\": [\"product_image\"]}}]"}}, {"model": "admin.logentry", "pk": 146, "fields": {"action_time": "2020-10-13T09:19:14.852Z", "user": 1, "content_type": 34, "object_id": "8", "object_repr": "ProductImage object (8)", "action_flag": 2, "change_message": "[{\"changed\": {\"fields\": [\"product_image\", \"image_url\"]}}]"}}, {"model": "admin.logentry", "pk": 147, "fields": {"action_time": "2020-10-13T09:20:09.439Z", "user": 1, "content_type": 34, "object_id": "9", "object_repr": "ProductImage object (9)", "action_flag": 2, "change_message": "[{\"changed\": {\"fields\": [\"product_image\"]}}]"}}, {"model": "admin.logentry", "pk": 148, "fields": {"action_time": "2020-10-13T09:20:31.693Z", "user": 1, "content_type": 34, "object_id": "9", "object_repr": "ProductImage object (9)", "action_flag": 2, "change_message": "[{\"changed\": {\"fields\": [\"product_image\", \"image_url\"]}}]"}}, {"model": "admin.logentry", "pk": 149, "fields": {"action_time": "2020-10-13T09:20:46.281Z", "user": 1, "content_type": 34, "object_id": "10", "object_repr": "ProductImage object (10)", "action_flag": 2, "change_message": "[{\"changed\": {\"fields\": [\"product_image\"]}}]"}}, {"model": "admin.logentry", "pk": 150, "fields": {"action_time": "2020-10-13T09:20:59.142Z", "user": 1, "content_type": 34, "object_id": "10", "object_repr": "ProductImage object (10)", "action_flag": 2, "change_message": "[{\"changed\": {\"fields\": [\"product_image\", \"image_url\"]}}]"}}, {"model": "admin.logentry", "pk": 151, "fields": {"action_time": "2020-10-13T09:21:43.396Z", "user": 1, "content_type": 34, "object_id": "11", "object_repr": "ProductImage object (11)", "action_flag": 2, "change_message": "[{\"changed\": {\"fields\": [\"product_image\"]}}]"}}, {"model": "admin.logentry", "pk": 152, "fields": {"action_time": "2020-10-13T09:21:54.262Z", "user": 1, "content_type": 34, "object_id": "11", "object_repr": "ProductImage object (11)", "action_flag": 2, "change_message": "[{\"changed\": {\"fields\": [\"product_image\", \"image_url\"]}}]"}}, {"model": "admin.logentry", "pk": 153, "fields": {"action_time": "2020-10-13T09:22:13.820Z", "user": 1, "content_type": 53, "object_id": "2", "object_repr": "Product object (2)", "action_flag": 2, "change_message": "[{\"changed\": {\"fields\": [\"category_id\"]}}]"}}, {"model": "admin.logentry", "pk": 154, "fields": {"action_time": "2020-10-13T09:22:23.493Z", "user": 1, "content_type": 53, "object_id": "3", "object_repr": "Product object (3)", "action_flag": 2, "change_message": "[{\"changed\": {\"fields\": [\"category_id\"]}}]"}}, {"model": "admin.logentry", "pk": 155, "fields": {"action_time": "2020-10-13T09:22:34.142Z", "user": 1, "content_type": 53, "object_id": "4", "object_repr": "Product object (4)", "action_flag": 2, "change_message": "[{\"changed\": {\"fields\": [\"category_id\"]}}]"}}, {"model": "admin.logentry", "pk": 156, "fields": {"action_time": "2020-10-13T09:22:41.750Z", "user": 1, "content_type": 53, "object_id": "5", "object_repr": "Product object (5)", "action_flag": 2, "change_message": "[{\"changed\": {\"fields\": [\"category_id\"]}}]"}}, {"model": "admin.logentry", "pk": 157, "fields": {"action_time": "2020-10-13T09:22:48.092Z", "user": 1, "content_type": 53, "object_id": "6", "object_repr": "Product object (6)", "action_flag": 2, "change_message": "[{\"changed\": {\"fields\": [\"category_id\"]}}]"}}, {"model": "admin.logentry", "pk": 158, "fields": {"action_time": "2020-10-13T09:22:56.964Z", "user": 1, "content_type": 53, "object_id": "7", "object_repr": "Product object (7)", "action_flag": 2, "change_message": "[{\"changed\": {\"fields\": [\"category_id\"]}}]"}}, {"model": "admin.logentry", "pk": 159, "fields": {"action_time": "2020-10-13T09:23:04.913Z", "user": 1, "content_type": 53, "object_id": "8", "object_repr": "Product object (8)", "action_flag": 2, "change_message": "[{\"changed\": {\"fields\": [\"category_id\"]}}]"}}, {"model": "admin.logentry", "pk": 160, "fields": {"action_time": "2020-10-13T09:23:13.139Z", "user": 1, "content_type": 53, "object_id": "9", "object_repr": "Product object (9)", "action_flag": 2, "change_message": "[{\"changed\": {\"fields\": [\"category_id\"]}}]"}}, {"model": "admin.logentry", "pk": 161, "fields": {"action_time": "2020-10-13T09:23:20.342Z", "user": 1, "content_type": 53, "object_id": "10", "object_repr": "Product object (10)", "action_flag": 2, "change_message": "[{\"changed\": {\"fields\": [\"category_id\"]}}]"}}, {"model": "admin.logentry", "pk": 162, "fields": {"action_time": "2020-10-13T09:23:33.964Z", "user": 1, "content_type": 53, "object_id": "11", "object_repr": "Product object (11)", "action_flag": 2, "change_message": "[{\"changed\": {\"fields\": [\"category_id\"]}}]"}}, {"model": "admin.logentry", "pk": 163, "fields": {"action_time": "2020-10-13T09:23:42.765Z", "user": 1, "content_type": 53, "object_id": "9", "object_repr": "Product object (9)", "action_flag": 2, "change_message": "[{\"changed\": {\"fields\": [\"category_id\"]}}]"}}, {"model": "admin.logentry", "pk": 164, "fields": {"action_time": "2020-10-13T09:23:52.500Z", "user": 1, "content_type": 53, "object_id": "10", "object_repr": "Product object (10)", "action_flag": 2, "change_message": "[{\"changed\": {\"fields\": [\"category_id\"]}}]"}}, {"model": "admin.logentry", "pk": 165, "fields": {"action_time": "2020-10-13T09:24:00.378Z", "user": 1, "content_type": 53, "object_id": "8", "object_repr": "Product object (8)", "action_flag": 2, "change_message": "[{\"changed\": {\"fields\": [\"category_id\"]}}]"}}, {"model": "admin.logentry", "pk": 166, "fields": {"action_time": "2020-10-13T09:24:07.721Z", "user": 1, "content_type": 53, "object_id": "7", "object_repr": "Product object (7)", "action_flag": 2, "change_message": "[{\"changed\": {\"fields\": [\"category_id\"]}}]"}}, {"model": "admin.logentry", "pk": 167, "fields": {"action_time": "2020-10-13T09:24:14.682Z", "user": 1, "content_type": 53, "object_id": "6", "object_repr": "Product object (6)", "action_flag": 2, "change_message": "[]"}}, {"model": "admin.logentry", "pk": 168, "fields": {"action_time": "2020-10-13T09:24:21.916Z", "user": 1, "content_type": 53, "object_id": "11", "object_repr": "Product object (11)", "action_flag": 2, "change_message": "[]"}}, {"model": "admin.logentry", "pk": 169, "fields": {"action_time": "2020-10-13T09:24:29.920Z", "user": 1, "content_type": 53, "object_id": "12", "object_repr": "Product object (12)", "action_flag": 2, "change_message": "[{\"changed\": {\"fields\": [\"category_id\"]}}]"}}, {"model": "admin.logentry", "pk": 170, "fields": {"action_time": "2020-10-13T09:24:37.104Z", "user": 1, "content_type": 53, "object_id": "13", "object_repr": "Product object (13)", "action_flag": 2, "change_message": "[{\"changed\": {\"fields\": [\"category_id\"]}}]"}}, {"model": "admin.logentry", "pk": 171, "fields": {"action_time": "2020-10-13T09:24:46.139Z", "user": 1, "content_type": 53, "object_id": "14", "object_repr": "Product object (14)", "action_flag": 2, "change_message": "[{\"changed\": {\"fields\": [\"category_id\"]}}]"}}, {"model": "admin.logentry", "pk": 172, "fields": {"action_time": "2020-10-13T09:24:54.847Z", "user": 1, "content_type": 53, "object_id": "15", "object_repr": "Product object (15)", "action_flag": 2, "change_message": "[{\"changed\": {\"fields\": [\"category_id\"]}}]"}}, {"model": "admin.logentry", "pk": 173, "fields": {"action_time": "2020-10-13T09:25:01.874Z", "user": 1, "content_type": 53, "object_id": "16", "object_repr": "Product object (16)", "action_flag": 2, "change_message": "[{\"changed\": {\"fields\": [\"category_id\"]}}]"}}, {"model": "admin.logentry", "pk": 174, "fields": {"action_time": "2020-10-13T09:25:08.227Z", "user": 1, "content_type": 53, "object_id": "17", "object_repr": "Product object (17)", "action_flag": 2, "change_message": "[{\"changed\": {\"fields\": [\"category_id\"]}}]"}}, {"model": "admin.logentry", "pk": 175, "fields": {"action_time": "2020-10-13T09:25:15.171Z", "user": 1, "content_type": 53, "object_id": "18", "object_repr": "Product object (18)", "action_flag": 2, "change_message": "[{\"changed\": {\"fields\": [\"category_id\"]}}]"}}, {"model": "admin.logentry", "pk": 176, "fields": {"action_time": "2020-10-13T09:25:21.450Z", "user": 1, "content_type": 53, "object_id": "19", "object_repr": "Product object (19)", "action_flag": 2, "change_message": "[{\"changed\": {\"fields\": [\"category_id\"]}}]"}}, {"model": "admin.logentry", "pk": 177, "fields": {"action_time": "2020-10-13T09:25:25.686Z", "user": 1, "content_type": 53, "object_id": "19", "object_repr": "Product object (19)", "action_flag": 2, "change_message": "[]"}}, {"model": "admin.logentry", "pk": 178, "fields": {"action_time": "2020-10-13T09:25:32.195Z", "user": 1, "content_type": 53, "object_id": "20", "object_repr": "Product object (20)", "action_flag": 2, "change_message": "[{\"changed\": {\"fields\": [\"category_id\"]}}]"}}, {"model": "admin.logentry", "pk": 179, "fields": {"action_time": "2020-10-13T09:25:36.474Z", "user": 1, "content_type": 53, "object_id": "19", "object_repr": "Product object (19)", "action_flag": 2, "change_message": "[]"}}, {"model": "admin.logentry", "pk": 180, "fields": {"action_time": "2020-10-13T09:26:36.061Z", "user": 1, "content_type": 34, "object_id": "11", "object_repr": "ProductImage object (11)", "action_flag": 2, "change_message": "[{\"changed\": {\"fields\": [\"product_image\"]}}]"}}, {"model": "admin.logentry", "pk": 181, "fields": {"action_time": "2020-10-13T09:26:55.939Z", "user": 1, "content_type": 34, "object_id": "11", "object_repr": "ProductImage object (11)", "action_flag": 2, "change_message": "[]"}}, {"model": "admin.logentry", "pk": 182, "fields": {"action_time": "2020-10-13T09:27:09.681Z", "user": 1, "content_type": 34, "object_id": "12", "object_repr": "ProductImage object (12)", "action_flag": 2, "change_message": "[{\"changed\": {\"fields\": [\"product_image\"]}}]"}}, {"model": "admin.logentry", "pk": 183, "fields": {"action_time": "2020-10-13T09:27:36.224Z", "user": 1, "content_type": 34, "object_id": "12", "object_repr": "ProductImage object (12)", "action_flag": 2, "change_message": "[{\"changed\": {\"fields\": [\"product_image\", \"image_url\"]}}]"}}, {"model": "admin.logentry", "pk": 184, "fields": {"action_time": "2020-10-13T09:27:47.676Z", "user": 1, "content_type": 34, "object_id": "13", "object_repr": "ProductImage object (13)", "action_flag": 2, "change_message": "[{\"changed\": {\"fields\": [\"product_image\"]}}]"}}, {"model": "admin.logentry", "pk": 185, "fields": {"action_time": "2020-10-13T09:28:00.683Z", "user": 1, "content_type": 34, "object_id": "13", "object_repr": "ProductImage object (13)", "action_flag": 2, "change_message": "[{\"changed\": {\"fields\": [\"product_image\", \"image_url\"]}}]"}}, {"model": "admin.logentry", "pk": 186, "fields": {"action_time": "2020-10-13T09:28:13.011Z", "user": 1, "content_type": 34, "object_id": "14", "object_repr": "ProductImage object (14)", "action_flag": 2, "change_message": "[{\"changed\": {\"fields\": [\"product_image\"]}}]"}}, {"model": "admin.logentry", "pk": 187, "fields": {"action_time": "2020-10-13T09:28:27.966Z", "user": 1, "content_type": 34, "object_id": "14", "object_repr": "ProductImage object (14)", "action_flag": 2, "change_message": "[{\"changed\": {\"fields\": [\"product_image\", \"image_url\"]}}]"}}, {"model": "admin.logentry", "pk": 188, "fields": {"action_time": "2020-10-13T09:29:24.997Z", "user": 1, "content_type": 34, "object_id": "15", "object_repr": "ProductImage object (15)", "action_flag": 2, "change_message": "[{\"changed\": {\"fields\": [\"product_image\"]}}]"}}, {"model": "admin.logentry", "pk": 189, "fields": {"action_time": "2020-10-13T09:29:53.907Z", "user": 1, "content_type": 34, "object_id": "14", "object_repr": "ProductImage object (14)", "action_flag": 2, "change_message": "[]"}}, {"model": "admin.logentry", "pk": 190, "fields": {"action_time": "2020-10-13T09:30:32.296Z", "user": 1, "content_type": 34, "object_id": "15", "object_repr": "ProductImage object (15)", "action_flag": 2, "change_message": "[{\"changed\": {\"fields\": [\"product_image\", \"image_url\"]}}]"}}, {"model": "admin.logentry", "pk": 191, "fields": {"action_time": "2020-10-13T09:31:33.779Z", "user": 1, "content_type": 34, "object_id": "16", "object_repr": "ProductImage object (16)", "action_flag": 2, "change_message": "[{\"changed\": {\"fields\": [\"product_image\"]}}]"}}, {"model": "admin.logentry", "pk": 192, "fields": {"action_time": "2020-10-13T09:31:51.505Z", "user": 1, "content_type": 34, "object_id": "16", "object_repr": "ProductImage object (16)", "action_flag": 2, "change_message": "[{\"changed\": {\"fields\": [\"product_image\", \"image_url\"]}}]"}}, {"model": "admin.logentry", "pk": 193, "fields": {"action_time": "2020-10-13T09:32:09.068Z", "user": 1, "content_type": 34, "object_id": "17", "object_repr": "ProductImage object (17)", "action_flag": 2, "change_message": "[{\"changed\": {\"fields\": [\"product_image\"]}}]"}}, {"model": "admin.logentry", "pk": 194, "fields": {"action_time": "2020-10-13T09:32:26.925Z", "user": 1, "content_type": 34, "object_id": "17", "object_repr": "ProductImage object (17)", "action_flag": 2, "change_message": "[{\"changed\": {\"fields\": [\"product_image\", \"image_url\"]}}]"}}, {"model": "admin.logentry", "pk": 195, "fields": {"action_time": "2020-10-13T09:32:50.333Z", "user": 1, "content_type": 34, "object_id": "18", "object_repr": "ProductImage object (18)", "action_flag": 2, "change_message": "[{\"changed\": {\"fields\": [\"product_image\"]}}]"}}, {"model": "admin.logentry", "pk": 196, "fields": {"action_time": "2020-10-13T09:33:04.473Z", "user": 1, "content_type": 34, "object_id": "17", "object_repr": "ProductImage object (17)", "action_flag": 2, "change_message": "[]"}}, {"model": "admin.logentry", "pk": 197, "fields": {"action_time": "2020-10-13T09:33:18.906Z", "user": 1, "content_type": 34, "object_id": "18", "object_repr": "ProductImage object (18)", "action_flag": 2, "change_message": "[{\"changed\": {\"fields\": [\"product_image\", \"image_url\"]}}]"}}, {"model": "admin.logentry", "pk": 198, "fields": {"action_time": "2020-10-13T09:33:44.075Z", "user": 1, "content_type": 34, "object_id": "19", "object_repr": "ProductImage object (19)", "action_flag": 2, "change_message": "[{\"changed\": {\"fields\": [\"product_image\"]}}]"}}, {"model": "admin.logentry", "pk": 199, "fields": {"action_time": "2020-10-13T09:34:01.003Z", "user": 1, "content_type": 34, "object_id": "19", "object_repr": "ProductImage object (19)", "action_flag": 2, "change_message": "[{\"changed\": {\"fields\": [\"product_image\", \"image_url\"]}}]"}}, {"model": "admin.logentry", "pk": 200, "fields": {"action_time": "2020-10-13T09:34:22.769Z", "user": 1, "content_type": 34, "object_id": "20", "object_repr": "ProductImage object (20)", "action_flag": 2, "change_message": "[{\"changed\": {\"fields\": [\"product_image\"]}}]"}}, {"model": "admin.logentry", "pk": 201, "fields": {"action_time": "2020-10-13T09:34:48.325Z", "user": 1, "content_type": 34, "object_id": "20", "object_repr": "ProductImage object (20)", "action_flag": 2, "change_message": "[{\"changed\": {\"fields\": [\"product_image\", \"image_url\"]}}]"}}, {"model": "admin.logentry", "pk": 202, "fields": {"action_time": "2020-10-13T09:35:21.949Z", "user": 1, "content_type": 34, "object_id": "21", "object_repr": "ProductImage object (21)", "action_flag": 2, "change_message": "[{\"changed\": {\"fields\": [\"product_image\"]}}]"}}, {"model": "admin.logentry", "pk": 203, "fields": {"action_time": "2020-10-13T09:35:38.888Z", "user": 1, "content_type": 34, "object_id": "21", "object_repr": "ProductImage object (21)", "action_flag": 2, "change_message": "[{\"changed\": {\"fields\": [\"product_image\", \"image_url\"]}}]"}}, {"model": "admin.logentry", "pk": 204, "fields": {"action_time": "2020-10-13T09:35:58.022Z", "user": 1, "content_type": 34, "object_id": "22", "object_repr": "ProductImage object (22)", "action_flag": 2, "change_message": "[{\"changed\": {\"fields\": [\"product_image\"]}}]"}}, {"model": "admin.logentry", "pk": 205, "fields": {"action_time": "2020-10-13T09:36:07.818Z", "user": 1, "content_type": 34, "object_id": "22", "object_repr": "ProductImage object (22)", "action_flag": 2, "change_message": "[{\"changed\": {\"fields\": [\"product_image\", \"image_url\"]}}]"}}, {"model": "admin.logentry", "pk": 206, "fields": {"action_time": "2020-10-13T09:36:33.208Z", "user": 1, "content_type": 34, "object_id": "23", "object_repr": "ProductImage object (23)", "action_flag": 2, "change_message": "[{\"changed\": {\"fields\": [\"product_image\"]}}]"}}, {"model": "admin.logentry", "pk": 207, "fields": {"action_time": "2020-10-13T09:36:50.256Z", "user": 1, "content_type": 34, "object_id": "23", "object_repr": "ProductImage object (23)", "action_flag": 2, "change_message": "[{\"changed\": {\"fields\": [\"product_image\", \"image_url\"]}}]"}}, {"model": "admin.logentry", "pk": 208, "fields": {"action_time": "2020-10-13T09:37:03.821Z", "user": 1, "content_type": 34, "object_id": "24", "object_repr": "ProductImage object (24)", "action_flag": 2, "change_message": "[{\"changed\": {\"fields\": [\"product_image\"]}}]"}}, {"model": "admin.logentry", "pk": 209, "fields": {"action_time": "2020-10-13T09:37:16.468Z", "user": 1, "content_type": 34, "object_id": "24", "object_repr": "ProductImage object (24)", "action_flag": 2, "change_message": "[{\"changed\": {\"fields\": [\"product_image\", \"image_url\"]}}]"}}, {"model": "admin.logentry", "pk": 210, "fields": {"action_time": "2020-10-13T09:38:10.397Z", "user": 1, "content_type": 34, "object_id": "25", "object_repr": "ProductImage object (25)", "action_flag": 2, "change_message": "[{\"changed\": {\"fields\": [\"product_image\"]}}]"}}, {"model": "admin.logentry", "pk": 211, "fields": {"action_time": "2020-10-13T09:38:33.528Z", "user": 1, "content_type": 34, "object_id": "25", "object_repr": "ProductImage object (25)", "action_flag": 2, "change_message": "[{\"changed\": {\"fields\": [\"product_image\", \"image_url\"]}}]"}}, {"model": "admin.logentry", "pk": 212, "fields": {"action_time": "2020-10-13T09:38:48.313Z", "user": 1, "content_type": 34, "object_id": "25", "object_repr": "ProductImage object (25)", "action_flag": 2, "change_message": "[]"}}, {"model": "admin.logentry", "pk": 213, "fields": {"action_time": "2020-10-13T09:39:05.185Z", "user": 1, "content_type": 34, "object_id": "26", "object_repr": "ProductImage object (26)", "action_flag": 2, "change_message": "[{\"changed\": {\"fields\": [\"product_image\"]}}]"}}, {"model": "admin.logentry", "pk": 214, "fields": {"action_time": "2020-10-13T09:39:20.287Z", "user": 1, "content_type": 34, "object_id": "26", "object_repr": "ProductImage object (26)", "action_flag": 2, "change_message": "[{\"changed\": {\"fields\": [\"product_image\", \"image_url\"]}}]"}}, {"model": "admin.logentry", "pk": 215, "fields": {"action_time": "2020-10-13T09:39:42.876Z", "user": 1, "content_type": 34, "object_id": "27", "object_repr": "ProductImage object (27)", "action_flag": 2, "change_message": "[{\"changed\": {\"fields\": [\"product_image\"]}}]"}}, {"model": "admin.logentry", "pk": 216, "fields": {"action_time": "2020-10-13T09:40:02.019Z", "user": 1, "content_type": 34, "object_id": "27", "object_repr": "ProductImage object (27)", "action_flag": 2, "change_message": "[{\"changed\": {\"fields\": [\"product_image\", \"image_url\"]}}]"}}, {"model": "admin.logentry", "pk": 217, "fields": {"action_time": "2020-10-13T09:40:36.504Z", "user": 1, "content_type": 34, "object_id": "28", "object_repr": "ProductImage object (28)", "action_flag": 2, "change_message": "[{\"changed\": {\"fields\": [\"product_image\"]}}]"}}, {"model": "admin.logentry", "pk": 218, "fields": {"action_time": "2020-10-13T09:40:53.051Z", "user": 1, "content_type": 34, "object_id": "28", "object_repr": "ProductImage object (28)", "action_flag": 2, "change_message": "[]"}}, {"model": "admin.logentry", "pk": 219, "fields": {"action_time": "2020-10-13T09:41:04.641Z", "user": 1, "content_type": 34, "object_id": "29", "object_repr": "ProductImage object (29)", "action_flag": 2, "change_message": "[{\"changed\": {\"fields\": [\"product_image\"]}}]"}}, {"model": "admin.logentry", "pk": 220, "fields": {"action_time": "2020-10-13T09:41:20.844Z", "user": 1, "content_type": 34, "object_id": "29", "object_repr": "ProductImage object (29)", "action_flag": 2, "change_message": "[{\"changed\": {\"fields\": [\"product_image\", \"image_url\"]}}]"}}, {"model": "admin.logentry", "pk": 221, "fields": {"action_time": "2020-10-13T09:41:34.588Z", "user": 1, "content_type": 34, "object_id": "30", "object_repr": "ProductImage object (30)", "action_flag": 2, "change_message": "[{\"changed\": {\"fields\": [\"product_image\"]}}]"}}, {"model": "admin.logentry", "pk": 222, "fields": {"action_time": "2020-10-13T09:41:46.832Z", "user": 1, "content_type": 34, "object_id": "30", "object_repr": "ProductImage object (30)", "action_flag": 2, "change_message": "[{\"changed\": {\"fields\": [\"product_image\", \"image_url\"]}}]"}}, {"model": "admin.logentry", "pk": 223, "fields": {"action_time": "2020-10-13T09:42:25.800Z", "user": 1, "content_type": 34, "object_id": "31", "object_repr": "ProductImage object (31)", "action_flag": 2, "change_message": "[{\"changed\": {\"fields\": [\"product_image\"]}}]"}}, {"model": "admin.logentry", "pk": 224, "fields": {"action_time": "2020-10-13T09:42:45.743Z", "user": 1, "content_type": 34, "object_id": "31", "object_repr": "ProductImage object (31)", "action_flag": 2, "change_message": "[{\"changed\": {\"fields\": [\"product_image\", \"image_url\"]}}]"}}, {"model": "admin.logentry", "pk": 225, "fields": {"action_time": "2020-10-13T09:43:01.248Z", "user": 1, "content_type": 34, "object_id": "32", "object_repr": "ProductImage object (32)", "action_flag": 2, "change_message": "[{\"changed\": {\"fields\": [\"product_image\"]}}]"}}, {"model": "admin.logentry", "pk": 226, "fields": {"action_time": "2020-10-13T09:43:15.885Z", "user": 1, "content_type": 34, "object_id": "32", "object_repr": "ProductImage object (32)", "action_flag": 2, "change_message": "[{\"changed\": {\"fields\": [\"product_image\", \"image_url\"]}}]"}}, {"model": "admin.logentry", "pk": 227, "fields": {"action_time": "2020-10-13T09:43:48.867Z", "user": 1, "content_type": 34, "object_id": "33", "object_repr": "ProductImage object (33)", "action_flag": 2, "change_message": "[{\"changed\": {\"fields\": [\"product_image\"]}}]"}}, {"model": "admin.logentry", "pk": 228, "fields": {"action_time": "2020-10-13T09:44:08.933Z", "user": 1, "content_type": 34, "object_id": "33", "object_repr": "ProductImage object (33)", "action_flag": 2, "change_message": "[{\"changed\": {\"fields\": [\"product_image\", \"image_url\"]}}]"}}, {"model": "admin.logentry", "pk": 229, "fields": {"action_time": "2020-10-13T09:44:29.994Z", "user": 1, "content_type": 34, "object_id": "34", "object_repr": "ProductImage object (34)", "action_flag": 2, "change_message": "[{\"changed\": {\"fields\": [\"product_image\"]}}]"}}, {"model": "admin.logentry", "pk": 230, "fields": {"action_time": "2020-10-13T09:44:52.328Z", "user": 1, "content_type": 34, "object_id": "34", "object_repr": "ProductImage object (34)", "action_flag": 2, "change_message": "[{\"changed\": {\"fields\": [\"product_image\", \"image_url\"]}}]"}}, {"model": "admin.logentry", "pk": 231, "fields": {"action_time": "2020-10-13T09:45:07.270Z", "user": 1, "content_type": 34, "object_id": "35", "object_repr": "ProductImage object (35)", "action_flag": 2, "change_message": "[{\"changed\": {\"fields\": [\"product_image\"]}}]"}}, {"model": "admin.logentry", "pk": 232, "fields": {"action_time": "2020-10-13T09:45:20.325Z", "user": 1, "content_type": 34, "object_id": "35", "object_repr": "ProductImage object (35)", "action_flag": 2, "change_message": "[{\"changed\": {\"fields\": [\"product_image\", \"image_url\"]}}]"}}, {"model": "admin.logentry", "pk": 233, "fields": {"action_time": "2020-10-13T09:45:38.031Z", "user": 1, "content_type": 34, "object_id": "36", "object_repr": "ProductImage object (36)", "action_flag": 2, "change_message": "[{\"changed\": {\"fields\": [\"product_image\"]}}]"}}, {"model": "admin.logentry", "pk": 234, "fields": {"action_time": "2020-10-13T09:45:55.440Z", "user": 1, "content_type": 34, "object_id": "36", "object_repr": "ProductImage object (36)", "action_flag": 2, "change_message": "[{\"changed\": {\"fields\": [\"product_image\", \"image_url\"]}}]"}}, {"model": "admin.logentry", "pk": 235, "fields": {"action_time": "2020-10-13T09:46:08.641Z", "user": 1, "content_type": 34, "object_id": "37", "object_repr": "ProductImage object (37)", "action_flag": 2, "change_message": "[{\"changed\": {\"fields\": [\"product_image\"]}}]"}}, {"model": "admin.logentry", "pk": 236, "fields": {"action_time": "2020-10-13T09:46:18.804Z", "user": 1, "content_type": 34, "object_id": "37", "object_repr": "ProductImage object (37)", "action_flag": 2, "change_message": "[{\"changed\": {\"fields\": [\"product_image\", \"image_url\"]}}]"}}, {"model": "admin.logentry", "pk": 237, "fields": {"action_time": "2020-10-13T09:46:34.800Z", "user": 1, "content_type": 34, "object_id": "38", "object_repr": "ProductImage object (38)", "action_flag": 2, "change_message": "[{\"changed\": {\"fields\": [\"product_image\"]}}]"}}, {"model": "admin.logentry", "pk": 238, "fields": {"action_time": "2020-10-13T09:46:45.949Z", "user": 1, "content_type": 34, "object_id": "38", "object_repr": "ProductImage object (38)", "action_flag": 2, "change_message": "[{\"changed\": {\"fields\": [\"product_image\", \"image_url\"]}}]"}}, {"model": "admin.logentry", "pk": 239, "fields": {"action_time": "2020-10-13T09:47:12.025Z", "user": 1, "content_type": 34, "object_id": "39", "object_repr": "ProductImage object (39)", "action_flag": 2, "change_message": "[{\"changed\": {\"fields\": [\"product_image\"]}}]"}}, {"model": "admin.logentry", "pk": 240, "fields": {"action_time": "2020-10-13T09:48:08.608Z", "user": 1, "content_type": 34, "object_id": "39", "object_repr": "ProductImage object (39)", "action_flag": 2, "change_message": "[{\"changed\": {\"fields\": [\"product_image\", \"image_url\"]}}]"}}, {"model": "admin.logentry", "pk": 241, "fields": {"action_time": "2020-10-13T09:48:21.536Z", "user": 1, "content_type": 34, "object_id": "40", "object_repr": "ProductImage object (40)", "action_flag": 2, "change_message": "[{\"changed\": {\"fields\": [\"product_image\"]}}]"}}, {"model": "admin.logentry", "pk": 242, "fields": {"action_time": "2020-10-13T09:48:40.094Z", "user": 1, "content_type": 34, "object_id": "40", "object_repr": "ProductImage object (40)", "action_flag": 2, "change_message": "[{\"changed\": {\"fields\": [\"product_image\", \"image_url\"]}}]"}}, {"model": "admin.logentry", "pk": 243, "fields": {"action_time": "2020-10-13T09:48:49.401Z", "user": 1, "content_type": 34, "object_id": "41", "object_repr": "ProductImage object (41)", "action_flag": 2, "change_message": "[{\"changed\": {\"fields\": [\"product_image\"]}}]"}}, {"model": "admin.logentry", "pk": 244, "fields": {"action_time": "2020-10-13T09:49:02.003Z", "user": 1, "content_type": 34, "object_id": "41", "object_repr": "ProductImage object (41)", "action_flag": 2, "change_message": "[{\"changed\": {\"fields\": [\"product_image\", \"image_url\"]}}]"}}, {"model": "admin.logentry", "pk": 245, "fields": {"action_time": "2020-10-13T09:49:15.305Z", "user": 1, "content_type": 34, "object_id": "42", "object_repr": "ProductImage object (42)", "action_flag": 2, "change_message": "[{\"changed\": {\"fields\": [\"product_image\"]}}]"}}, {"model": "admin.logentry", "pk": 246, "fields": {"action_time": "2020-10-13T09:49:26.548Z", "user": 1, "content_type": 34, "object_id": "42", "object_repr": "ProductImage object (42)", "action_flag": 2, "change_message": "[{\"changed\": {\"fields\": [\"product_image\", \"image_url\"]}}]"}}, {"model": "admin.logentry", "pk": 247, "fields": {"action_time": "2020-10-13T09:55:37.795Z", "user": 1, "content_type": 34, "object_id": "43", "object_repr": "ProductImage object (43)", "action_flag": 2, "change_message": "[{\"changed\": {\"fields\": [\"product_image\"]}}]"}}, {"model": "admin.logentry", "pk": 248, "fields": {"action_time": "2020-10-13T09:56:46.119Z", "user": 1, "content_type": 34, "object_id": "43", "object_repr": "ProductImage object (43)", "action_flag": 2, "change_message": "[{\"changed\": {\"fields\": [\"product_image\", \"image_url\"]}}]"}}, {"model": "admin.logentry", "pk": 249, "fields": {"action_time": "2020-10-13T09:57:10.223Z", "user": 1, "content_type": 34, "object_id": "44", "object_repr": "ProductImage object (44)", "action_flag": 2, "change_message": "[{\"changed\": {\"fields\": [\"product_image\"]}}]"}}, {"model": "admin.logentry", "pk": 250, "fields": {"action_time": "2020-10-13T09:57:32.815Z", "user": 1, "content_type": 34, "object_id": "44", "object_repr": "ProductImage object (44)", "action_flag": 2, "change_message": "[{\"changed\": {\"fields\": [\"product_image\", \"image_url\"]}}]"}}, {"model": "admin.logentry", "pk": 251, "fields": {"action_time": "2020-10-13T09:57:43.229Z", "user": 1, "content_type": 34, "object_id": "45", "object_repr": "ProductImage object (45)", "action_flag": 2, "change_message": "[{\"changed\": {\"fields\": [\"product_image\"]}}]"}}, {"model": "admin.logentry", "pk": 252, "fields": {"action_time": "2020-10-13T09:57:55.241Z", "user": 1, "content_type": 34, "object_id": "45", "object_repr": "ProductImage object (45)", "action_flag": 2, "change_message": "[{\"changed\": {\"fields\": [\"product_image\", \"image_url\"]}}]"}}, {"model": "admin.logentry", "pk": 253, "fields": {"action_time": "2020-10-13T09:58:05.757Z", "user": 1, "content_type": 34, "object_id": "46", "object_repr": "ProductImage object (46)", "action_flag": 2, "change_message": "[{\"changed\": {\"fields\": [\"product_image\"]}}]"}}, {"model": "admin.logentry", "pk": 254, "fields": {"action_time": "2020-10-13T09:58:50.415Z", "user": 1, "content_type": 34, "object_id": "46", "object_repr": "ProductImage object (46)", "action_flag": 2, "change_message": "[{\"changed\": {\"fields\": [\"product_image\", \"image_url\"]}}]"}}, {"model": "admin.logentry", "pk": 255, "fields": {"action_time": "2020-10-13T09:59:00.742Z", "user": 1, "content_type": 34, "object_id": "47", "object_repr": "ProductImage object (47)", "action_flag": 2, "change_message": "[{\"changed\": {\"fields\": [\"product_image\"]}}]"}}, {"model": "admin.logentry", "pk": 256, "fields": {"action_time": "2020-10-13T09:59:11.545Z", "user": 1, "content_type": 34, "object_id": "47", "object_repr": "ProductImage object (47)", "action_flag": 2, "change_message": "[{\"changed\": {\"fields\": [\"product_image\", \"image_url\"]}}]"}}, {"model": "admin.logentry", "pk": 257, "fields": {"action_time": "2020-10-13T09:59:22.462Z", "user": 1, "content_type": 34, "object_id": "48", "object_repr": "ProductImage object (48)", "action_flag": 2, "change_message": "[{\"changed\": {\"fields\": [\"product_image\"]}}]"}}, {"model": "admin.logentry", "pk": 258, "fields": {"action_time": "2020-10-13T09:59:49.018Z", "user": 1, "content_type": 34, "object_id": "48", "object_repr": "ProductImage object (48)", "action_flag": 2, "change_message": "[{\"changed\": {\"fields\": [\"product_image\", \"image_url\"]}}]"}}, {"model": "admin.logentry", "pk": 259, "fields": {"action_time": "2020-10-13T10:00:09.825Z", "user": 1, "content_type": 34, "object_id": "48", "object_repr": "ProductImage object (48)", "action_flag": 2, "change_message": "[{\"changed\": {\"fields\": [\"product_image\"]}}]"}}, {"model": "admin.logentry", "pk": 260, "fields": {"action_time": "2020-10-13T10:01:33.957Z", "user": 1, "content_type": 34, "object_id": "49", "object_repr": "ProductImage object (49)", "action_flag": 2, "change_message": "[{\"changed\": {\"fields\": [\"product_image\"]}}]"}}, {"model": "admin.logentry", "pk": 261, "fields": {"action_time": "2020-10-13T10:02:01.781Z", "user": 1, "content_type": 34, "object_id": "49", "object_repr": "ProductImage object (49)", "action_flag": 2, "change_message": "[{\"changed\": {\"fields\": [\"product_image\", \"image_url\"]}}]"}}, {"model": "admin.logentry", "pk": 262, "fields": {"action_time": "2020-10-13T10:02:12.877Z", "user": 1, "content_type": 34, "object_id": "50", "object_repr": "ProductImage object (50)", "action_flag": 2, "change_message": "[{\"changed\": {\"fields\": [\"product_image\"]}}]"}}, {"model": "admin.logentry", "pk": 263, "fields": {"action_time": "2020-10-13T10:02:32.137Z", "user": 1, "content_type": 34, "object_id": "50", "object_repr": "ProductImage object (50)", "action_flag": 2, "change_message": "[{\"changed\": {\"fields\": [\"product_image\", \"image_url\"]}}]"}}, {"model": "admin.logentry", "pk": 264, "fields": {"action_time": "2020-10-13T10:02:44.396Z", "user": 1, "content_type": 34, "object_id": "51", "object_repr": "ProductImage object (51)", "action_flag": 2, "change_message": "[{\"changed\": {\"fields\": [\"product_image\"]}}]"}}, {"model": "admin.logentry", "pk": 265, "fields": {"action_time": "2020-10-13T10:02:57.101Z", "user": 1, "content_type": 34, "object_id": "51", "object_repr": "ProductImage object (51)", "action_flag": 2, "change_message": "[{\"changed\": {\"fields\": [\"product_image\", \"image_url\"]}}]"}}, {"model": "admin.logentry", "pk": 266, "fields": {"action_time": "2020-10-13T10:03:15.823Z", "user": 1, "content_type": 34, "object_id": "52", "object_repr": "ProductImage object (52)", "action_flag": 2, "change_message": "[{\"changed\": {\"fields\": [\"product_image\"]}}]"}}, {"model": "admin.logentry", "pk": 267, "fields": {"action_time": "2020-10-13T10:03:25.806Z", "user": 1, "content_type": 34, "object_id": "52", "object_repr": "ProductImage object (52)", "action_flag": 2, "change_message": "[{\"changed\": {\"fields\": [\"product_image\", \"image_url\"]}}]"}}, {"model": "admin.logentry", "pk": 268, "fields": {"action_time": "2020-10-13T10:03:42.008Z", "user": 1, "content_type": 34, "object_id": "53", "object_repr": "ProductImage object (53)", "action_flag": 2, "change_message": "[{\"changed\": {\"fields\": [\"product_image\"]}}]"}}, {"model": "admin.logentry", "pk": 269, "fields": {"action_time": "2020-10-13T10:04:17.588Z", "user": 1, "content_type": 34, "object_id": "53", "object_repr": "ProductImage object (53)", "action_flag": 2, "change_message": "[{\"changed\": {\"fields\": [\"product_image\", \"image_url\"]}}]"}}, {"model": "admin.logentry", "pk": 270, "fields": {"action_time": "2020-10-13T10:04:35.356Z", "user": 1, "content_type": 34, "object_id": "54", "object_repr": "ProductImage object (54)", "action_flag": 2, "change_message": "[{\"changed\": {\"fields\": [\"product_image\"]}}]"}}, {"model": "admin.logentry", "pk": 271, "fields": {"action_time": "2020-10-13T10:04:46.044Z", "user": 1, "content_type": 34, "object_id": "54", "object_repr": "ProductImage object (54)", "action_flag": 2, "change_message": "[{\"changed\": {\"fields\": [\"product_image\", \"image_url\"]}}]"}}, {"model": "admin.logentry", "pk": 272, "fields": {"action_time": "2020-10-13T10:43:22.668Z", "user": 1, "content_type": 34, "object_id": "55", "object_repr": "ProductImage object (55)", "action_flag": 2, "change_message": "[{\"changed\": {\"fields\": [\"product_image\"]}}]"}}, {"model": "admin.logentry", "pk": 273, "fields": {"action_time": "2020-10-13T10:44:08.056Z", "user": 1, "content_type": 34, "object_id": "55", "object_repr": "ProductImage object (55)", "action_flag": 2, "change_message": "[{\"changed\": {\"fields\": [\"product_image\", \"image_url\"]}}]"}}, {"model": "admin.logentry", "pk": 274, "fields": {"action_time": "2020-10-13T10:44:16.667Z", "user": 1, "content_type": 34, "object_id": "56", "object_repr": "ProductImage object (56)", "action_flag": 2, "change_message": "[{\"changed\": {\"fields\": [\"product_image\"]}}]"}}, {"model": "admin.logentry", "pk": 275, "fields": {"action_time": "2020-10-13T10:44:42.478Z", "user": 1, "content_type": 34, "object_id": "56", "object_repr": "ProductImage object (56)", "action_flag": 2, "change_message": "[{\"changed\": {\"fields\": [\"product_image\", \"image_url\"]}}]"}}, {"model": "admin.logentry", "pk": 276, "fields": {"action_time": "2020-10-13T10:45:32.950Z", "user": 1, "content_type": 34, "object_id": "57", "object_repr": "ProductImage object (57)", "action_flag": 2, "change_message": "[{\"changed\": {\"fields\": [\"product_image\"]}}]"}}, {"model": "admin.logentry", "pk": 277, "fields": {"action_time": "2020-10-13T10:45:58.277Z", "user": 1, "content_type": 34, "object_id": "57", "object_repr": "ProductImage object (57)", "action_flag": 2, "change_message": "[{\"changed\": {\"fields\": [\"product_image\", \"image_url\"]}}]"}}, {"model": "admin.logentry", "pk": 278, "fields": {"action_time": "2020-10-13T10:46:07.515Z", "user": 1, "content_type": 34, "object_id": "58", "object_repr": "ProductImage object (58)", "action_flag": 2, "change_message": "[{\"changed\": {\"fields\": [\"product_image\"]}}]"}}, {"model": "admin.logentry", "pk": 279, "fields": {"action_time": "2020-10-13T10:46:36.790Z", "user": 1, "content_type": 34, "object_id": "58", "object_repr": "ProductImage object (58)", "action_flag": 2, "change_message": "[{\"changed\": {\"fields\": [\"product_image\", \"image_url\"]}}]"}}, {"model": "admin.logentry", "pk": 280, "fields": {"action_time": "2020-10-13T10:46:49.255Z", "user": 1, "content_type": 34, "object_id": "57", "object_repr": "ProductImage object (57)", "action_flag": 2, "change_message": "[{\"changed\": {\"fields\": [\"product_image\"]}}]"}}, {"model": "admin.logentry", "pk": 281, "fields": {"action_time": "2020-10-13T10:46:57.977Z", "user": 1, "content_type": 34, "object_id": "59", "object_repr": "ProductImage object (59)", "action_flag": 2, "change_message": "[{\"changed\": {\"fields\": [\"product_image\"]}}]"}}, {"model": "admin.logentry", "pk": 282, "fields": {"action_time": "2020-10-13T10:47:20.208Z", "user": 1, "content_type": 34, "object_id": "59", "object_repr": "ProductImage object (59)", "action_flag": 2, "change_message": "[{\"changed\": {\"fields\": [\"product_image\", \"image_url\"]}}]"}}, {"model": "admin.logentry", "pk": 283, "fields": {"action_time": "2020-10-13T10:47:30.423Z", "user": 1, "content_type": 34, "object_id": "60", "object_repr": "ProductImage object (60)", "action_flag": 2, "change_message": "[{\"changed\": {\"fields\": [\"product_image\"]}}]"}}, {"model": "admin.logentry", "pk": 284, "fields": {"action_time": "2020-10-13T10:47:48.351Z", "user": 1, "content_type": 34, "object_id": "60", "object_repr": "ProductImage object (60)", "action_flag": 2, "change_message": "[{\"changed\": {\"fields\": [\"product_image\", \"image_url\"]}}]"}}, {"model": "admin.logentry", "pk": 285, "fields": {"action_time": "2020-10-13T10:47:59.928Z", "user": 1, "content_type": 34, "object_id": "61", "object_repr": "ProductImage object (61)", "action_flag": 2, "change_message": "[{\"changed\": {\"fields\": [\"product_image\"]}}]"}}, {"model": "admin.logentry", "pk": 286, "fields": {"action_time": "2020-10-13T10:48:16.513Z", "user": 1, "content_type": 34, "object_id": "61", "object_repr": "ProductImage object (61)", "action_flag": 2, "change_message": "[{\"changed\": {\"fields\": [\"product_image\", \"image_url\"]}}]"}}, {"model": "admin.logentry", "pk": 287, "fields": {"action_time": "2020-10-13T10:48:44.067Z", "user": 1, "content_type": 34, "object_id": "62", "object_repr": "ProductImage object (62)", "action_flag": 2, "change_message": "[{\"changed\": {\"fields\": [\"product_image\"]}}]"}}, {"model": "admin.logentry", "pk": 288, "fields": {"action_time": "2020-10-13T10:48:59.147Z", "user": 1, "content_type": 34, "object_id": "62", "object_repr": "ProductImage object (62)", "action_flag": 2, "change_message": "[{\"changed\": {\"fields\": [\"product_image\", \"image_url\"]}}]"}}, {"model": "admin.logentry", "pk": 289, "fields": {"action_time": "2020-10-13T10:49:08.766Z", "user": 1, "content_type": 34, "object_id": "63", "object_repr": "ProductImage object (63)", "action_flag": 2, "change_message": "[{\"changed\": {\"fields\": [\"product_image\"]}}]"}}, {"model": "admin.logentry", "pk": 290, "fields": {"action_time": "2020-10-13T10:49:23.576Z", "user": 1, "content_type": 34, "object_id": "63", "object_repr": "ProductImage object (63)", "action_flag": 2, "change_message": "[{\"changed\": {\"fields\": [\"product_image\", \"image_url\"]}}]"}}, {"model": "admin.logentry", "pk": 291, "fields": {"action_time": "2020-10-13T10:49:38.960Z", "user": 1, "content_type": 34, "object_id": "64", "object_repr": "ProductImage object (64)", "action_flag": 2, "change_message": "[{\"changed\": {\"fields\": [\"product_image\"]}}]"}}, {"model": "admin.logentry", "pk": 292, "fields": {"action_time": "2020-10-13T10:49:57.505Z", "user": 1, "content_type": 34, "object_id": "64", "object_repr": "ProductImage object (64)", "action_flag": 3, "change_message": ""}}, {"model": "admin.logentry", "pk": 293, "fields": {"action_time": "2020-10-13T10:50:22.097Z", "user": 1, "content_type": 34, "object_id": "65", "object_repr": "ProductImage object (65)", "action_flag": 3, "change_message": ""}}, {"model": "admin.logentry", "pk": 294, "fields": {"action_time": "2020-10-13T11:00:54.727Z", "user": 1, "content_type": 34, "object_id": "66", "object_repr": "ProductImage object (66)", "action_flag": 2, "change_message": "[]"}}, {"model": "admin.logentry", "pk": 295, "fields": {"action_time": "2020-10-13T11:15:23.757Z", "user": 1, "content_type": 34, "object_id": "63", "object_repr": "ProductImage object (63)", "action_flag": 2, "change_message": "[]"}}, {"model": "admin.logentry", "pk": 296, "fields": {"action_time": "2020-10-13T11:15:47.832Z", "user": 1, "content_type": 34, "object_id": "66", "object_repr": "ProductImage object (66)", "action_flag": 3, "change_message": ""}}, {"model": "admin.logentry", "pk": 297, "fields": {"action_time": "2020-10-13T11:16:27.505Z", "user": 1, "content_type": 34, "object_id": "67", "object_repr": "ProductImage object (67)", "action_flag": 1, "change_message": "[{\"added\": {}}]"}}, {"model": "admin.logentry", "pk": 298, "fields": {"action_time": "2020-10-13T11:16:58.563Z", "user": 1, "content_type": 34, "object_id": "67", "object_repr": "ProductImage object (67)", "action_flag": 2, "change_message": "[{\"changed\": {\"fields\": [\"product_image\"]}}]"}}, {"model": "admin.logentry", "pk": 299, "fields": {"action_time": "2020-10-13T11:17:18.289Z", "user": 1, "content_type": 34, "object_id": "67", "object_repr": "ProductImage object (67)", "action_flag": 2, "change_message": "[{\"changed\": {\"fields\": [\"product_image\", \"image_url\"]}}]"}}, {"model": "admin.logentry", "pk": 300, "fields": {"action_time": "2020-10-14T03:39:44.390Z", "user": 1, "content_type": 53, "object_id": "13", "object_repr": "Product object (13)", "action_flag": 2, "change_message": "[{\"changed\": {\"fields\": [\"is_group\"]}}]"}}, {"model": "admin.logentry", "pk": 301, "fields": {"action_time": "2020-10-14T03:39:49.118Z", "user": 1, "content_type": 53, "object_id": "14", "object_repr": "Product object (14)", "action_flag": 2, "change_message": "[{\"changed\": {\"fields\": [\"is_group\"]}}]"}}, {"model": "admin.logentry", "pk": 302, "fields": {"action_time": "2020-10-14T03:39:59.437Z", "user": 1, "content_type": 53, "object_id": "15", "object_repr": "Product object (15)", "action_flag": 2, "change_message": "[{\"changed\": {\"fields\": [\"is_group\"]}}]"}}, {"model": "admin.logentry", "pk": 303, "fields": {"action_time": "2020-10-14T06:17:55.084Z", "user": 1, "content_type": 22, "object_id": "1", "object_repr": "CompanyInfo object (1)", "action_flag": 2, "change_message": "[{\"changed\": {\"fields\": [\"address\", \"phone\", \"About\", \"slogan\"]}}]"}}, {"model": "admin.logentry", "pk": 304, "fields": {"action_time": "2020-10-14T06:18:12.325Z", "user": 1, "content_type": 22, "object_id": "1", "object_repr": "CompanyInfo object (1)", "action_flag": 2, "change_message": "[]"}}, {"model": "admin.logentry", "pk": 305, "fields": {"action_time": "2020-10-14T06:22:24.146Z", "user": 1, "content_type": 16, "object_id": "1", "object_repr": "Banner object (1)", "action_flag": 2, "change_message": "[{\"changed\": {\"fields\": [\"count\"]}}]"}}, {"model": "admin.logentry", "pk": 306, "fields": {"action_time": "2020-10-14T06:22:28.305Z", "user": 1, "content_type": 22, "object_id": "1", "object_repr": "CompanyInfo object (1)", "action_flag": 2, "change_message": "[{\"changed\": {\"fields\": [\"slogan\"]}}]"}}, {"model": "admin.logentry", "pk": 307, "fields": {"action_time": "2020-10-14T06:23:13.689Z", "user": 1, "content_type": 17, "object_id": "1", "object_repr": "Banner_Image object (1)", "action_flag": 2, "change_message": "[{\"changed\": {\"fields\": [\"image\"]}}]"}}, {"model": "admin.logentry", "pk": 308, "fields": {"action_time": "2020-10-14T06:23:28.813Z", "user": 1, "content_type": 17, "object_id": "2", "object_repr": "Banner_Image object (2)", "action_flag": 2, "change_message": "[{\"changed\": {\"fields\": [\"image\"]}}]"}}, {"model": "admin.logentry", "pk": 309, "fields": {"action_time": "2020-10-14T06:23:38.849Z", "user": 1, "content_type": 17, "object_id": "3", "object_repr": "Banner_Image object (3)", "action_flag": 2, "change_message": "[{\"changed\": {\"fields\": [\"image\"]}}]"}}, {"model": "admin.logentry", "pk": 310, "fields": {"action_time": "2020-10-14T06:23:57.611Z", "user": 1, "content_type": 17, "object_id": "4", "object_repr": "Banner_Image object (4)", "action_flag": 1, "change_message": "[{\"added\": {}}]"}}, {"model": "admin.logentry", "pk": 311, "fields": {"action_time": "2020-10-14T06:24:08.132Z", "user": 1, "content_type": 17, "object_id": "5", "object_repr": "Banner_Image object (5)", "action_flag": 1, "change_message": "[{\"added\": {}}]"}}, {"model": "admin.logentry", "pk": 312, "fields": {"action_time": "2020-10-14T07:20:55.507Z", "user": 1, "content_type": 17, "object_id": "1", "object_repr": "Banner_Image object (1)", "action_flag": 2, "change_message": "[{\"changed\": {\"fields\": [\"image\"]}}]"}}, {"model": "admin.logentry", "pk": 313, "fields": {"action_time": "2020-10-14T07:21:11.042Z", "user": 1, "content_type": 17, "object_id": "2", "object_repr": "Banner_Image object (2)", "action_flag": 2, "change_message": "[{\"changed\": {\"fields\": [\"image\"]}}]"}}, {"model": "admin.logentry", "pk": 314, "fields": {"action_time": "2020-10-14T07:21:21.950Z", "user": 1, "content_type": 17, "object_id": "3", "object_repr": "Banner_Image object (3)", "action_flag": 2, "change_message": "[{\"changed\": {\"fields\": [\"image\"]}}]"}}, {"model": "admin.logentry", "pk": 315, "fields": {"action_time": "2020-10-14T07:21:33.612Z", "user": 1, "content_type": 17, "object_id": "4", "object_repr": "Banner_Image object (4)", "action_flag": 2, "change_message": "[{\"changed\": {\"fields\": [\"image\"]}}]"}}, {"model": "admin.logentry", "pk": 316, "fields": {"action_time": "2020-10-14T07:21:44.489Z", "user": 1, "content_type": 17, "object_id": "5", "object_repr": "Banner_Image object (5)", "action_flag": 2, "change_message": "[{\"changed\": {\"fields\": [\"image\"]}}]"}}, {"model": "admin.logentry", "pk": 317, "fields": {"action_time": "2020-10-14T07:26:10.346Z", "user": 1, "content_type": 34, "object_id": "67", "object_repr": "ProductImage object (67)", "action_flag": 2, "change_message": "[{\"changed\": {\"fields\": [\"product_image\"]}}]"}}, {"model": "admin.logentry", "pk": 318, "fields": {"action_time": "2020-10-14T07:26:40.283Z", "user": 1, "content_type": 34, "object_id": "67", "object_repr": "ProductImage object (67)", "action_flag": 2, "change_message": "[{\"changed\": {\"fields\": [\"product_image\", \"image_url\"]}}]"}}, {"model": "admin.logentry", "pk": 319, "fields": {"action_time": "2020-10-14T07:27:07.340Z", "user": 1, "content_type": 34, "object_id": "67", "object_repr": "ProductImage object (67)", "action_flag": 2, "change_message": "[]"}}, {"model": "admin.logentry", "pk": 320, "fields": {"action_time": "2020-10-14T07:27:50.874Z", "user": 1, "content_type": 34, "object_id": "63", "object_repr": "ProductImage object (63)", "action_flag": 2, "change_message": "[{\"changed\": {\"fields\": [\"product_image\"]}}]"}}, {"model": "admin.logentry", "pk": 321, "fields": {"action_time": "2020-10-14T07:28:33.837Z", "user": 1, "content_type": 34, "object_id": "63", "object_repr": "ProductImage object (63)", "action_flag": 2, "change_message": "[{\"changed\": {\"fields\": [\"product_image\", \"image_url\"]}}]"}}, {"model": "admin.logentry", "pk": 322, "fields": {"action_time": "2020-10-14T07:29:03.148Z", "user": 1, "content_type": 34, "object_id": "62", "object_repr": "ProductImage object (62)", "action_flag": 2, "change_message": "[{\"changed\": {\"fields\": [\"product_image\"]}}]"}}, {"model": "admin.logentry", "pk": 323, "fields": {"action_time": "2020-10-14T07:29:14.663Z", "user": 1, "content_type": 34, "object_id": "62", "object_repr": "ProductImage object (62)", "action_flag": 2, "change_message": "[{\"changed\": {\"fields\": [\"product_image\", \"image_url\"]}}]"}}, {"model": "admin.logentry", "pk": 324, "fields": {"action_time": "2020-10-14T07:29:45.205Z", "user": 1, "content_type": 34, "object_id": "61", "object_repr": "ProductImage object (61)", "action_flag": 2, "change_message": "[{\"changed\": {\"fields\": [\"product_image\"]}}]"}}, {"model": "admin.logentry", "pk": 325, "fields": {"action_time": "2020-10-14T07:30:17.896Z", "user": 1, "content_type": 34, "object_id": "61", "object_repr": "ProductImage object (61)", "action_flag": 2, "change_message": "[{\"changed\": {\"fields\": [\"product_image\", \"image_url\"]}}]"}}, {"model": "admin.logentry", "pk": 326, "fields": {"action_time": "2020-10-14T07:30:51.164Z", "user": 1, "content_type": 34, "object_id": "62", "object_repr": "ProductImage object (62)", "action_flag": 2, "change_message": "[{\"changed\": {\"fields\": [\"product_image\"]}}]"}}, {"model": "admin.logentry", "pk": 327, "fields": {"action_time": "2020-10-14T07:31:05.617Z", "user": 1, "content_type": 34, "object_id": "63", "object_repr": "ProductImage object (63)", "action_flag": 2, "change_message": "[{\"changed\": {\"fields\": [\"product_image\"]}}]"}}, {"model": "admin.logentry", "pk": 328, "fields": {"action_time": "2020-10-14T07:31:16.549Z", "user": 1, "content_type": 34, "object_id": "63", "object_repr": "ProductImage object (63)", "action_flag": 2, "change_message": "[]"}}, {"model": "admin.logentry", "pk": 329, "fields": {"action_time": "2020-10-14T07:31:31.141Z", "user": 1, "content_type": 34, "object_id": "63", "object_repr": "ProductImage object (63)", "action_flag": 2, "change_message": "[{\"changed\": {\"fields\": [\"product_image\"]}}]"}}, {"model": "admin.logentry", "pk": 330, "fields": {"action_time": "2020-10-14T07:31:40.241Z", "user": 1, "content_type": 34, "object_id": "63", "object_repr": "ProductImage object (63)", "action_flag": 2, "change_message": "[{\"changed\": {\"fields\": [\"product_image\", \"image_url\"]}}]"}}, {"model": "admin.logentry", "pk": 331, "fields": {"action_time": "2020-10-14T07:31:53.103Z", "user": 1, "content_type": 34, "object_id": "67", "object_repr": "ProductImage object (67)", "action_flag": 2, "change_message": "[]"}}, {"model": "admin.logentry", "pk": 332, "fields": {"action_time": "2020-10-14T07:32:52.563Z", "user": 1, "content_type": 34, "object_id": "61", "object_repr": "ProductImage object (61)", "action_flag": 2, "change_message": "[]"}}, {"model": "admin.logentry", "pk": 333, "fields": {"action_time": "2020-10-14T07:33:11.100Z", "user": 1, "content_type": 34, "object_id": "59", "object_repr": "ProductImage object (59)", "action_flag": 2, "change_message": "[{\"changed\": {\"fields\": [\"product_image\"]}}]"}}, {"model": "admin.logentry", "pk": 334, "fields": {"action_time": "2020-10-14T07:33:24.936Z", "user": 1, "content_type": 34, "object_id": "59", "object_repr": "ProductImage object (59)", "action_flag": 2, "change_message": "[{\"changed\": {\"fields\": [\"product_image\", \"image_url\"]}}]"}}, {"model": "admin.logentry", "pk": 335, "fields": {"action_time": "2020-10-14T07:33:54.611Z", "user": 1, "content_type": 34, "object_id": "58", "object_repr": "ProductImage object (58)", "action_flag": 2, "change_message": "[{\"changed\": {\"fields\": [\"product_image\"]}}]"}}, {"model": "admin.logentry", "pk": 336, "fields": {"action_time": "2020-10-14T07:34:11.530Z", "user": 1, "content_type": 34, "object_id": "58", "object_repr": "ProductImage object (58)", "action_flag": 2, "change_message": "[{\"changed\": {\"fields\": [\"product_image\", \"image_url\"]}}]"}}, {"model": "admin.logentry", "pk": 337, "fields": {"action_time": "2020-10-14T07:34:34.365Z", "user": 1, "content_type": 34, "object_id": "57", "object_repr": "ProductImage object (57)", "action_flag": 2, "change_message": "[{\"changed\": {\"fields\": [\"product_image\"]}}]"}}, {"model": "admin.logentry", "pk": 338, "fields": {"action_time": "2020-10-14T07:34:48.241Z", "user": 1, "content_type": 34, "object_id": "57", "object_repr": "ProductImage object (57)", "action_flag": 2, "change_message": "[{\"changed\": {\"fields\": [\"product_image\", \"image_url\"]}}]"}}, {"model": "admin.logentry", "pk": 339, "fields": {"action_time": "2020-10-14T07:35:30.071Z", "user": 1, "content_type": 34, "object_id": "57", "object_repr": "ProductImage object (57)", "action_flag": 2, "change_message": "[]"}}, {"model": "admin.logentry", "pk": 340, "fields": {"action_time": "2020-10-14T07:35:53.318Z", "user": 1, "content_type": 34, "object_id": "56", "object_repr": "ProductImage object (56)", "action_flag": 2, "change_message": "[{\"changed\": {\"fields\": [\"product_image\"]}}]"}}, {"model": "admin.logentry", "pk": 341, "fields": {"action_time": "2020-10-14T07:36:20.063Z", "user": 1, "content_type": 34, "object_id": "56", "object_repr": "ProductImage object (56)", "action_flag": 2, "change_message": "[{\"changed\": {\"fields\": [\"product_image\", \"image_url\"]}}]"}}, {"model": "admin.logentry", "pk": 342, "fields": {"action_time": "2020-10-14T07:36:51.221Z", "user": 1, "content_type": 34, "object_id": "55", "object_repr": "ProductImage object (55)", "action_flag": 2, "change_message": "[{\"changed\": {\"fields\": [\"product_image\"]}}]"}}, {"model": "admin.logentry", "pk": 343, "fields": {"action_time": "2020-10-14T07:37:04.247Z", "user": 1, "content_type": 34, "object_id": "55", "object_repr": "ProductImage object (55)", "action_flag": 2, "change_message": "[{\"changed\": {\"fields\": [\"product_image\", \"image_url\"]}}]"}}, {"model": "admin.logentry", "pk": 344, "fields": {"action_time": "2020-10-14T07:37:30.120Z", "user": 1, "content_type": 34, "object_id": "56", "object_repr": "ProductImage object (56)", "action_flag": 2, "change_message": "[]"}}, {"model": "admin.logentry", "pk": 345, "fields": {"action_time": "2020-10-14T07:37:46.577Z", "user": 1, "content_type": 34, "object_id": "55", "object_repr": "ProductImage object (55)", "action_flag": 2, "change_message": "[]"}}, {"model": "admin.logentry", "pk": 346, "fields": {"action_time": "2020-10-14T07:39:56.177Z", "user": 1, "content_type": 34, "object_id": "54", "object_repr": "ProductImage object (54)", "action_flag": 2, "change_message": "[]"}}, {"model": "admin.logentry", "pk": 347, "fields": {"action_time": "2020-10-14T07:40:12.100Z", "user": 1, "content_type": 34, "object_id": "53", "object_repr": "ProductImage object (53)", "action_flag": 2, "change_message": "[]"}}, {"model": "admin.logentry", "pk": 348, "fields": {"action_time": "2020-10-14T07:40:34.087Z", "user": 1, "content_type": 34, "object_id": "52", "object_repr": "ProductImage object (52)", "action_flag": 2, "change_message": "[]"}}, {"model": "admin.logentry", "pk": 349, "fields": {"action_time": "2020-10-14T07:40:53.522Z", "user": 1, "content_type": 34, "object_id": "51", "object_repr": "ProductImage object (51)", "action_flag": 2, "change_message": "[]"}}, {"model": "admin.logentry", "pk": 350, "fields": {"action_time": "2020-10-14T07:41:06.056Z", "user": 1, "content_type": 34, "object_id": "50", "object_repr": "ProductImage object (50)", "action_flag": 2, "change_message": "[]"}}, {"model": "admin.logentry", "pk": 351, "fields": {"action_time": "2020-10-14T07:41:44.083Z", "user": 1, "content_type": 34, "object_id": "49", "object_repr": "ProductImage object (49)", "action_flag": 2, "change_message": "[]"}}, {"model": "admin.logentry", "pk": 352, "fields": {"action_time": "2020-10-14T07:43:00.069Z", "user": 1, "content_type": 34, "object_id": "44", "object_repr": "ProductImage object (44)", "action_flag": 2, "change_message": "[{\"changed\": {\"fields\": [\"product_image\"]}}]"}}, {"model": "admin.logentry", "pk": 353, "fields": {"action_time": "2020-10-14T07:43:23.349Z", "user": 1, "content_type": 34, "object_id": "44", "object_repr": "ProductImage object (44)", "action_flag": 2, "change_message": "[{\"changed\": {\"fields\": [\"product_image\", \"image_url\"]}}]"}}, {"model": "admin.logentry", "pk": 354, "fields": {"action_time": "2020-10-14T07:49:55.170Z", "user": 1, "content_type": 34, "object_id": "12", "object_repr": "ProductImage object (12)", "action_flag": 2, "change_message": "[{\"changed\": {\"fields\": [\"product_image\"]}}]"}}, {"model": "admin.logentry", "pk": 355, "fields": {"action_time": "2020-10-14T07:50:23.439Z", "user": 1, "content_type": 34, "object_id": "12", "object_repr": "ProductImage object (12)", "action_flag": 2, "change_message": "[{\"changed\": {\"fields\": [\"product_image\", \"image_url\"]}}]"}}, {"model": "admin.logentry", "pk": 356, "fields": {"action_time": "2020-10-14T07:50:45.110Z", "user": 1, "content_type": 34, "object_id": "13", "object_repr": "ProductImage object (13)", "action_flag": 2, "change_message": "[{\"changed\": {\"fields\": [\"product_image\"]}}]"}}, {"model": "admin.logentry", "pk": 357, "fields": {"action_time": "2020-10-14T07:50:59.796Z", "user": 1, "content_type": 34, "object_id": "14", "object_repr": "ProductImage object (14)", "action_flag": 2, "change_message": "[{\"changed\": {\"fields\": [\"product_image\"]}}]"}}, {"model": "admin.logentry", "pk": 358, "fields": {"action_time": "2020-10-14T07:53:50.466Z", "user": 1, "content_type": 34, "object_id": "44", "object_repr": "ProductImage object (44)", "action_flag": 2, "change_message": "[{\"changed\": {\"fields\": [\"product_image\"]}}]"}}, {"model": "admin.logentry", "pk": 359, "fields": {"action_time": "2020-10-14T07:54:04.799Z", "user": 1, "content_type": 34, "object_id": "45", "object_repr": "ProductImage object (45)", "action_flag": 2, "change_message": "[{\"changed\": {\"fields\": [\"product_image\"]}}]"}}, {"model": "admin.logentry", "pk": 360, "fields": {"action_time": "2020-10-14T07:56:10.053Z", "user": 1, "content_type": 34, "object_id": "60", "object_repr": "ProductImage object (60)", "action_flag": 2, "change_message": "[{\"changed\": {\"fields\": [\"product_image\"]}}]"}}, {"model": "admin.logentry", "pk": 361, "fields": {"action_time": "2020-10-14T08:01:13.669Z", "user": 1, "content_type": 53, "object_id": "3", "object_repr": "Product object (3)", "action_flag": 2, "change_message": "[{\"changed\": {\"fields\": [\"title\"]}}]"}}, {"model": "admin.logentry", "pk": 362, "fields": {"action_time": "2020-10-14T08:23:25.335Z", "user": 1, "content_type": 28, "object_id": "1", "object_repr": "FAQ object (1)", "action_flag": 1, "change_message": "[{\"added\": {}}]"}}, {"model": "admin.logentry", "pk": 363, "fields": {"action_time": "2020-10-14T08:24:21.968Z", "user": 1, "content_type": 28, "object_id": "2", "object_repr": "FAQ object (2)", "action_flag": 1, "change_message": "[{\"added\": {}}]"}}, {"model": "admin.logentry", "pk": 364, "fields": {"action_time": "2020-10-14T08:24:53.825Z", "user": 1, "content_type": 28, "object_id": "3", "object_repr": "FAQ object (3)", "action_flag": 1, "change_message": "[{\"added\": {}}]"}}, {"model": "admin.logentry", "pk": 365, "fields": {"action_time": "2020-10-14T08:25:29.121Z", "user": 1, "content_type": 28, "object_id": "4", "object_repr": "FAQ object (4)", "action_flag": 1, "change_message": "[{\"added\": {}}]"}}, {"model": "admin.logentry", "pk": 366, "fields": {"action_time": "2020-10-14T08:26:05.580Z", "user": 1, "content_type": 28, "object_id": "5", "object_repr": "FAQ object (5)", "action_flag": 1, "change_message": "[{\"added\": {}}]"}}, {"model": "admin.logentry", "pk": 367, "fields": {"action_time": "2020-10-14T08:26:42.544Z", "user": 1, "content_type": 28, "object_id": "6", "object_repr": "FAQ object (6)", "action_flag": 1, "change_message": "[{\"added\": {}}]"}}, {"model": "admin.logentry", "pk": 368, "fields": {"action_time": "2020-10-14T08:27:05.888Z", "user": 1, "content_type": 28, "object_id": "7", "object_repr": "FAQ object (7)", "action_flag": 1, "change_message": "[{\"added\": {}}]"}}, {"model": "admin.logentry", "pk": 369, "fields": {"action_time": "2020-10-14T08:27:36.520Z", "user": 1, "content_type": 28, "object_id": "8", "object_repr": "FAQ object (8)", "action_flag": 1, "change_message": "[{\"added\": {}}]"}}, {"model": "admin.logentry", "pk": 370, "fields": {"action_time": "2020-10-14T08:27:58.136Z", "user": 1, "content_type": 28, "object_id": "9", "object_repr": "FAQ object (9)", "action_flag": 1, "change_message": "[{\"added\": {}}]"}}, {"model": "admin.logentry", "pk": 371, "fields": {"action_time": "2020-10-14T08:28:24.353Z", "user": 1, "content_type": 28, "object_id": "10", "object_repr": "FAQ object (10)", "action_flag": 1, "change_message": "[{\"added\": {}}]"}}, {"model": "admin.logentry", "pk": 372, "fields": {"action_time": "2020-10-14T08:28:45.616Z", "user": 1, "content_type": 28, "object_id": "11", "object_repr": "FAQ object (11)", "action_flag": 1, "change_message": "[{\"added\": {}}]"}}, {"model": "admin.logentry", "pk": 373, "fields": {"action_time": "2020-10-14T08:43:04.067Z", "user": 1, "content_type": 14, "object_id": "1", "object_repr": "None", "action_flag": 1, "change_message": "[{\"added\": {}}]"}}, {"model": "admin.logentry", "pk": 374, "fields": {"action_time": "2020-10-14T08:44:34.649Z", "user": 1, "content_type": 14, "object_id": "2", "object_repr": "None", "action_flag": 1, "change_message": "[{\"added\": {}}]"}}, {"model": "admin.logentry", "pk": 375, "fields": {"action_time": "2020-10-14T08:44:54.018Z", "user": 1, "content_type": 14, "object_id": "2", "object_repr": "None", "action_flag": 2, "change_message": "[{\"changed\": {\"fields\": [\"image\"]}}]"}}, {"model": "admin.logentry", "pk": 376, "fields": {"action_time": "2020-10-14T08:46:19.501Z", "user": 1, "content_type": 19, "object_id": "1", "object_repr": "Category object (1)", "action_flag": 2, "change_message": "[]"}}, {"model": "admin.logentry", "pk": 377, "fields": {"action_time": "2020-10-14T09:21:06.416Z", "user": 1, "content_type": 14, "object_id": "2", "object_repr": "None", "action_flag": 3, "change_message": ""}}, {"model": "admin.logentry", "pk": 378, "fields": {"action_time": "2020-10-14T09:21:06.418Z", "user": 1, "content_type": 14, "object_id": "1", "object_repr": "None", "action_flag": 3, "change_message": ""}}, {"model": "admin.logentry", "pk": 379, "fields": {"action_time": "2020-10-14T09:21:49.865Z", "user": 1, "content_type": 14, "object_id": "3", "object_repr": "None", "action_flag": 1, "change_message": "[{\"added\": {}}]"}}, {"model": "admin.logentry", "pk": 380, "fields": {"action_time": "2020-10-14T09:21:55.024Z", "user": 1, "content_type": 14, "object_id": "3", "object_repr": "None", "action_flag": 2, "change_message": "[]"}}, {"model": "admin.logentry", "pk": 381, "fields": {"action_time": "2020-10-14T09:22:17.683Z", "user": 1, "content_type": 14, "object_id": "4", "object_repr": "None", "action_flag": 1, "change_message": "[{\"added\": {}}]"}}, {"model": "admin.logentry", "pk": 382, "fields": {"action_time": "2020-10-14T09:22:27.729Z", "user": 1, "content_type": 14, "object_id": "5", "object_repr": "None", "action_flag": 1, "change_message": "[{\"added\": {}}]"}}, {"model": "admin.logentry", "pk": 383, "fields": {"action_time": "2020-10-14T09:24:09.603Z", "user": 1, "content_type": 14, "object_id": "4", "object_repr": "None", "action_flag": 2, "change_message": "[{\"changed\": {\"fields\": [\"priority\"]}}]"}}, {"model": "admin.logentry", "pk": 384, "fields": {"action_time": "2020-10-14T09:27:06.307Z", "user": 1, "content_type": 14, "object_id": "4", "object_repr": "None", "action_flag": 2, "change_message": "[]"}}, {"model": "admin.logentry", "pk": 385, "fields": {"action_time": "2020-10-14T09:27:23.554Z", "user": 1, "content_type": 14, "object_id": "5", "object_repr": "None", "action_flag": 2, "change_message": "[{\"changed\": {\"fields\": [\"priority\"]}}]"}}, {"model": "admin.logentry", "pk": 386, "fields": {"action_time": "2020-10-14T09:31:35.754Z", "user": 1, "content_type": 38, "object_id": "1", "object_repr": "1", "action_flag": 1, "change_message": "[{\"added\": {}}]"}}, {"model": "admin.logentry", "pk": 387, "fields": {"action_time": "2020-10-14T09:32:36.372Z", "user": 1, "content_type": 55, "object_id": "1", "object_repr": "Warehouse object (1)", "action_flag": 1, "change_message": "[{\"added\": {}}]"}}, {"model": "admin.logentry", "pk": 388, "fields": {"action_time": "2020-10-14T09:38:34.842Z", "user": 1, "content_type": 22, "object_id": "1", "object_repr": "CompanyInfo object (1)", "action_flag": 2, "change_message": "[{\"changed\": {\"fields\": [\"Facebook\", \"twitter\", \"linkedin\", \"youtube\", \"terms_condition\"]}}]"}}, {"model": "admin.logentry", "pk": 389, "fields": {"action_time": "2020-10-14T09:46:10.300Z", "user": 1, "content_type": 38, "object_id": "2", "object_repr": "2", "action_flag": 1, "change_message": "[{\"added\": {}}]"}}, {"model": "admin.logentry", "pk": 390, "fields": {"action_time": "2020-10-14T09:46:17.402Z", "user": 1, "content_type": 38, "object_id": "3", "object_repr": "3", "action_flag": 1, "change_message": "[{\"added\": {}}]"}}, {"model": "admin.logentry", "pk": 391, "fields": {"action_time": "2020-10-14T09:46:25.128Z", "user": 1, "content_type": 38, "object_id": "4", "object_repr": "4", "action_flag": 1, "change_message": "[{\"added\": {}}]"}}, {"model": "admin.logentry", "pk": 392, "fields": {"action_time": "2020-10-14T09:46:33.632Z", "user": 1, "content_type": 38, "object_id": "5", "object_repr": "5", "action_flag": 1, "change_message": "[{\"added\": {}}]"}}, {"model": "admin.logentry", "pk": 393, "fields": {"action_time": "2020-10-14T09:47:12.852Z", "user": 1, "content_type": 22, "object_id": "1", "object_repr": "CompanyInfo object (1)", "action_flag": 2, "change_message": "[{\"changed\": {\"fields\": [\"terms_condition\"]}}]"}}, {"model": "admin.logentry", "pk": 394, "fields": {"action_time": "2020-10-14T09:47:32.348Z", "user": 1, "content_type": 55, "object_id": "3", "object_repr": "Warehouse object (3)", "action_flag": 1, "change_message": "[{\"added\": {}}]"}}, {"model": "admin.logentry", "pk": 395, "fields": {"action_time": "2020-10-14T09:47:52.677Z", "user": 1, "content_type": 55, "object_id": "4", "object_repr": "Warehouse object (4)", "action_flag": 1, "change_message": "[{\"added\": {}}]"}}, {"model": "admin.logentry", "pk": 396, "fields": {"action_time": "2020-10-14T09:48:37.827Z", "user": 1, "content_type": 55, "object_id": "5", "object_repr": "Warehouse object (5)", "action_flag": 1, "change_message": "[{\"added\": {}}]"}}, {"model": "admin.logentry", "pk": 397, "fields": {"action_time": "2020-10-14T09:48:57.564Z", "user": 1, "content_type": 55, "object_id": "7", "object_repr": "Warehouse object (7)", "action_flag": 1, "change_message": "[{\"added\": {}}]"}}, {"model": "admin.logentry", "pk": 398, "fields": {"action_time": "2020-10-14T10:00:17.062Z", "user": 1, "content_type": 22, "object_id": "1", "object_repr": "CompanyInfo object (1)", "action_flag": 2, "change_message": "[{\"changed\": {\"fields\": [\"policy\"]}}]"}}, {"model": "admin.logentry", "pk": 399, "fields": {"action_time": "2020-10-14T10:03:15.080Z", "user": 1, "content_type": 38, "object_id": "6", "object_repr": "6", "action_flag": 1, "change_message": "[{\"added\": {}}]"}}, {"model": "admin.logentry", "pk": 400, "fields": {"action_time": "2020-10-14T10:03:30.265Z", "user": 1, "content_type": 55, "object_id": "8", "object_repr": "Warehouse object (8)", "action_flag": 1, "change_message": "[{\"added\": {}}]"}}, {"model": "admin.logentry", "pk": 401, "fields": {"action_time": "2020-10-14T10:17:02.189Z", "user": 1, "content_type": 53, "object_id": "13", "object_repr": "Product object (13)", "action_flag": 2, "change_message": "[{\"changed\": {\"fields\": [\"is_group\"]}}]"}}, {"model": "admin.logentry", "pk": 402, "fields": {"action_time": "2020-10-14T10:17:09.136Z", "user": 1, "content_type": 53, "object_id": "14", "object_repr": "Product object (14)", "action_flag": 2, "change_message": "[{\"changed\": {\"fields\": [\"is_group\"]}}]"}}, {"model": "admin.logentry", "pk": 403, "fields": {"action_time": "2020-10-14T10:17:15.385Z", "user": 1, "content_type": 53, "object_id": "15", "object_repr": "Product object (15)", "action_flag": 2, "change_message": "[{\"changed\": {\"fields\": [\"is_group\"]}}]"}}, {"model": "admin.logentry", "pk": 404, "fields": {"action_time": "2020-10-14T10:18:22.244Z", "user": 1, "content_type": 37, "object_id": "1", "object_repr": "13", "action_flag": 1, "change_message": "[{\"added\": {}}]"}}, {"model": "admin.logentry", "pk": 405, "fields": {"action_time": "2020-10-14T10:20:12.708Z", "user": 1, "content_type": 26, "object_id": "1", "object_repr": "discount_product object (1)", "action_flag": 1, "change_message": "[{\"added\": {}}]"}}, {"model": "admin.logentry", "pk": 406, "fields": {"action_time": "2020-10-14T10:24:34.066Z", "user": 1, "content_type": 37, "object_id": "2", "object_repr": "15", "action_flag": 1, "change_message": "[{\"added\": {}}]"}}, {"model": "admin.logentry", "pk": 407, "fields": {"action_time": "2020-10-14T10:25:57.903Z", "user": 1, "content_type": 26, "object_id": "2", "object_repr": "discount_product object (2)", "action_flag": 1, "change_message": "[{\"added\": {}}]"}}, {"model": "admin.logentry", "pk": 408, "fields": {"action_time": "2020-10-14T10:32:52.374Z", "user": 1, "content_type": 37, "object_id": "3", "object_repr": "3", "action_flag": 1, "change_message": "[{\"added\": {}}]"}}, {"model": "admin.logentry", "pk": 409, "fields": {"action_time": "2020-10-14T10:33:27.507Z", "user": 1, "content_type": 26, "object_id": "3", "object_repr": "discount_product object (3)", "action_flag": 1, "change_message": "[{\"added\": {}}]"}}, {"model": "admin.logentry", "pk": 410, "fields": {"action_time": "2020-10-14T10:34:16.873Z", "user": 1, "content_type": 37, "object_id": "3", "object_repr": "3", "action_flag": 2, "change_message": "[{\"changed\": {\"fields\": [\"price\"]}}]"}}, {"model": "admin.logentry", "pk": 411, "fields": {"action_time": "2020-10-14T10:34:27.103Z", "user": 1, "content_type": 26, "object_id": "3", "object_repr": "discount_product object (3)", "action_flag": 2, "change_message": "[]"}}, {"model": "admin.logentry", "pk": 412, "fields": {"action_time": "2020-10-14T10:35:48.248Z", "user": 1, "content_type": 26, "object_id": "3", "object_repr": "discount_product object (3)", "action_flag": 2, "change_message": "[{\"changed\": {\"fields\": [\"max_amount\"]}}]"}}, {"model": "admin.logentry", "pk": 413, "fields": {"action_time": "2020-10-14T10:36:24.899Z", "user": 1, "content_type": 37, "object_id": "2", "object_repr": "15", "action_flag": 2, "change_message": "[]"}}, {"model": "admin.logentry", "pk": 414, "fields": {"action_time": "2020-10-14T10:37:34.979Z", "user": 1, "content_type": 26, "object_id": "3", "object_repr": "discount_product object (3)", "action_flag": 2, "change_message": "[]"}}, {"model": "admin.logentry", "pk": 415, "fields": {"action_time": "2020-10-14T10:38:49.811Z", "user": 1, "content_type": 37, "object_id": "3", "object_repr": "3", "action_flag": 2, "change_message": "[]"}}, {"model": "admin.logentry", "pk": 416, "fields": {"action_time": "2020-10-14T10:39:10.928Z", "user": 1, "content_type": 37, "object_id": "4", "object_repr": "8", "action_flag": 1, "change_message": "[{\"added\": {}}]"}}, {"model": "admin.logentry", "pk": 417, "fields": {"action_time": "2020-10-14T10:39:39.321Z", "user": 1, "content_type": 26, "object_id": "4", "object_repr": "discount_product object (4)", "action_flag": 1, "change_message": "[{\"added\": {}}]"}}, {"model": "admin.logentry", "pk": 418, "fields": {"action_time": "2020-10-14T10:41:35.470Z", "user": 1, "content_type": 37, "object_id": "5", "object_repr": "7", "action_flag": 1, "change_message": "[{\"added\": {}}]"}}, {"model": "admin.logentry", "pk": 419, "fields": {"action_time": "2020-10-14T10:42:00.843Z", "user": 1, "content_type": 26, "object_id": "5", "object_repr": "discount_product object (5)", "action_flag": 1, "change_message": "[{\"added\": {}}]"}}, {"model": "admin.logentry", "pk": 420, "fields": {"action_time": "2020-10-14T10:43:32.556Z", "user": 1, "content_type": 37, "object_id": "6", "object_repr": "17", "action_flag": 1, "change_message": "[{\"added\": {}}]"}}, {"model": "admin.logentry", "pk": 421, "fields": {"action_time": "2020-10-14T10:44:04.865Z", "user": 1, "content_type": 26, "object_id": "6", "object_repr": "discount_product object (6)", "action_flag": 1, "change_message": "[{\"added\": {}}]"}}, {"model": "admin.logentry", "pk": 422, "fields": {"action_time": "2020-10-14T12:00:12.725Z", "user": 1, "content_type": 53, "object_id": "17", "object_repr": "Product object (17)", "action_flag": 2, "change_message": "[{\"changed\": {\"fields\": [\"title\"]}}]"}}, {"model": "admin.logentry", "pk": 423, "fields": {"action_time": "2020-10-14T12:05:20.534Z", "user": 1, "content_type": 34, "object_id": "60", "object_repr": "ProductImage object (60)", "action_flag": 2, "change_message": "[{\"changed\": {\"fields\": [\"product_image\"]}}]"}}, {"model": "admin.logentry", "pk": 424, "fields": {"action_time": "2020-10-14T12:07:29.727Z", "user": 1, "content_type": 34, "object_id": "60", "object_repr": "ProductImage object (60)", "action_flag": 2, "change_message": "[{\"changed\": {\"fields\": [\"product_image\", \"image_url\"]}}]"}}, {"model": "admin.logentry", "pk": 425, "fields": {"action_time": "2020-10-14T12:08:09.590Z", "user": 1, "content_type": 34, "object_id": "60", "object_repr": "ProductImage object (60)", "action_flag": 2, "change_message": "[{\"changed\": {\"fields\": [\"product_image\"]}}]"}}, {"model": "admin.logentry", "pk": 426, "fields": {"action_time": "2020-10-14T12:08:33.594Z", "user": 1, "content_type": 34, "object_id": "60", "object_repr": "ProductImage object (60)", "action_flag": 2, "change_message": "[{\"changed\": {\"fields\": [\"product_image\", \"image_url\"]}}]"}}, {"model": "admin.logentry", "pk": 427, "fields": {"action_time": "2020-10-14T12:16:40.917Z", "user": 1, "content_type": 37, "object_id": "6", "object_repr": "17", "action_flag": 2, "change_message": "[]"}}, {"model": "admin.logentry", "pk": 428, "fields": {"action_time": "2020-10-15T04:47:11.643Z", "user": 1, "content_type": 55, "object_id": "1", "object_repr": "Warehouse object (1)", "action_flag": 2, "change_message": "[]"}}, {"model": "admin.logentry", "pk": 429, "fields": {"action_time": "2020-10-15T04:47:16.020Z", "user": 1, "content_type": 55, "object_id": "3", "object_repr": "Warehouse object (3)", "action_flag": 2, "change_message": "[]"}}, {"model": "admin.logentry", "pk": 430, "fields": {"action_time": "2020-10-15T04:47:22.773Z", "user": 1, "content_type": 55, "object_id": "4", "object_repr": "Warehouse object (4)", "action_flag": 2, "change_message": "[]"}}, {"model": "admin.logentry", "pk": 431, "fields": {"action_time": "2020-10-15T04:49:18.805Z", "user": 1, "content_type": 43, "object_id": "1", "object_repr": "Sub_Category object (1)", "action_flag": 1, "change_message": "[{\"added\": {}}]"}}, {"model": "admin.logentry", "pk": 432, "fields": {"action_time": "2020-10-15T04:49:40.751Z", "user": 1, "content_type": 43, "object_id": "2", "object_repr": "Sub_Category object (2)", "action_flag": 1, "change_message": "[{\"added\": {}}]"}}, {"model": "admin.logentry", "pk": 433, "fields": {"action_time": "2020-10-15T04:50:03.155Z", "user": 1, "content_type": 44, "object_id": "1", "object_repr": "Sub_Sub_Category object (1)", "action_flag": 1, "change_message": "[{\"added\": {}}]"}}, {"model": "admin.logentry", "pk": 434, "fields": {"action_time": "2020-10-15T04:50:11.633Z", "user": 1, "content_type": 44, "object_id": "2", "object_repr": "Sub_Sub_Category object (2)", "action_flag": 1, "change_message": "[{\"added\": {}}]"}}, {"model": "admin.logentry", "pk": 435, "fields": {"action_time": "2020-10-15T04:50:24.067Z", "user": 1, "content_type": 44, "object_id": "3", "object_repr": "Sub_Sub_Category object (3)", "action_flag": 1, "change_message": "[{\"added\": {}}]"}}, {"model": "admin.logentry", "pk": 436, "fields": {"action_time": "2020-10-15T09:09:54.103Z", "user": 1, "content_type": 43, "object_id": "2", "object_repr": "Sub_Category object (2)", "action_flag": 3, "change_message": ""}}, {"model": "admin.logentry", "pk": 437, "fields": {"action_time": "2020-10-15T09:09:54.105Z", "user": 1, "content_type": 43, "object_id": "1", "object_repr": "Sub_Category object (1)", "action_flag": 3, "change_message": ""}}, {"model": "admin.logentry", "pk": 438, "fields": {"action_time": "2020-10-15T09:10:05.705Z", "user": 1, "content_type": 44, "object_id": "3", "object_repr": "Sub_Sub_Category object (3)", "action_flag": 3, "change_message": ""}}, {"model": "admin.logentry", "pk": 439, "fields": {"action_time": "2020-10-15T09:10:05.707Z", "user": 1, "content_type": 44, "object_id": "2", "object_repr": "Sub_Sub_Category object (2)", "action_flag": 3, "change_message": ""}}, {"model": "admin.logentry", "pk": 440, "fields": {"action_time": "2020-10-15T09:10:05.708Z", "user": 1, "content_type": 44, "object_id": "1", "object_repr": "Sub_Sub_Category object (1)", "action_flag": 3, "change_message": ""}}, {"model": "admin.logentry", "pk": 441, "fields": {"action_time": "2020-10-15T10:58:04.439Z", "user": 1, "content_type": 18, "object_id": "1", "object_repr": "1", "action_flag": 3, "change_message": ""}}, {"model": "admin.logentry", "pk": 442, "fields": {"action_time": "2020-10-15T10:58:32.100Z", "user": 1, "content_type": 18, "object_id": "3", "object_repr": "3", "action_flag": 3, "change_message": ""}}, {"model": "admin.logentry", "pk": 443, "fields": {"action_time": "2020-10-15T10:58:32.102Z", "user": 1, "content_type": 18, "object_id": "2", "object_repr": "2", "action_flag": 3, "change_message": ""}}, {"model": "admin.logentry", "pk": 444, "fields": {"action_time": "2020-10-17T03:13:29.381Z", "user": 1, "content_type": 17, "object_id": "5", "object_repr": "Banner_Image object (5)", "action_flag": 3, "change_message": ""}}, {"model": "admin.logentry", "pk": 445, "fields": {"action_time": "2020-10-17T03:17:00.652Z", "user": 1, "content_type": 34, "object_id": "68", "object_repr": "ProductImage object (68)", "action_flag": 1, "change_message": "[{\"added\": {}}]"}}, {"model": "admin.logentry", "pk": 446, "fields": {"action_time": "2020-10-17T03:17:26.327Z", "user": 1, "content_type": 34, "object_id": "69", "object_repr": "ProductImage object (69)", "action_flag": 1, "change_message": "[{\"added\": {}}]"}}, {"model": "admin.logentry", "pk": 447, "fields": {"action_time": "2020-10-17T03:23:09.998Z", "user": 1, "content_type": 34, "object_id": "70", "object_repr": "ProductImage object (70)", "action_flag": 1, "change_message": "[{\"added\": {}}]"}}, {"model": "admin.logentry", "pk": 448, "fields": {"action_time": "2020-10-17T03:23:22.364Z", "user": 1, "content_type": 34, "object_id": "71", "object_repr": "ProductImage object (71)", "action_flag": 1, "change_message": "[{\"added\": {}}]"}}, {"model": "admin.logentry", "pk": 449, "fields": {"action_time": "2020-10-17T03:23:33.139Z", "user": 1, "content_type": 34, "object_id": "72", "object_repr": "ProductImage object (72)", "action_flag": 1, "change_message": "[{\"added\": {}}]"}}, {"model": "admin.logentry", "pk": 450, "fields": {"action_time": "2020-10-17T03:23:42.741Z", "user": 1, "content_type": 34, "object_id": "73", "object_repr": "ProductImage object (73)", "action_flag": 1, "change_message": "[{\"added\": {}}]"}}, {"model": "admin.logentry", "pk": 451, "fields": {"action_time": "2020-10-17T03:23:56.061Z", "user": 1, "content_type": 34, "object_id": "74", "object_repr": "ProductImage object (74)", "action_flag": 1, "change_message": "[{\"added\": {}}]"}}, {"model": "admin.logentry", "pk": 452, "fields": {"action_time": "2020-10-17T03:24:03.308Z", "user": 1, "content_type": 34, "object_id": "73", "object_repr": "ProductImage object (73)", "action_flag": 2, "change_message": "[{\"changed\": {\"fields\": [\"product_id\"]}}]"}}, {"model": "admin.logentry", "pk": 453, "fields": {"action_time": "2020-10-17T03:24:09.467Z", "user": 1, "content_type": 34, "object_id": "72", "object_repr": "ProductImage object (72)", "action_flag": 2, "change_message": "[{\"changed\": {\"fields\": [\"product_id\"]}}]"}}, {"model": "admin.logentry", "pk": 454, "fields": {"action_time": "2020-10-17T03:24:16.243Z", "user": 1, "content_type": 34, "object_id": "71", "object_repr": "ProductImage object (71)", "action_flag": 2, "change_message": "[{\"changed\": {\"fields\": [\"product_id\"]}}]"}}, {"model": "admin.logentry", "pk": 455, "fields": {"action_time": "2020-10-17T03:24:22.625Z", "user": 1, "content_type": 34, "object_id": "70", "object_repr": "ProductImage object (70)", "action_flag": 2, "change_message": "[]"}}, {"model": "admin.logentry", "pk": 456, "fields": {"action_time": "2020-10-17T03:25:54.293Z", "user": 1, "content_type": 53, "object_id": "17", "object_repr": "Product object (17)", "action_flag": 2, "change_message": "[]"}}, {"model": "admin.logentry", "pk": 457, "fields": {"action_time": "2020-10-17T03:26:56.885Z", "user": 1, "content_type": 34, "object_id": "75", "object_repr": "ProductImage object (75)", "action_flag": 1, "change_message": "[{\"added\": {}}]"}}, {"model": "admin.logentry", "pk": 458, "fields": {"action_time": "2020-10-17T03:27:15.349Z", "user": 1, "content_type": 34, "object_id": "76", "object_repr": "ProductImage object (76)", "action_flag": 1, "change_message": "[{\"added\": {}}]"}}, {"model": "admin.logentry", "pk": 459, "fields": {"action_time": "2020-10-17T03:27:32.999Z", "user": 1, "content_type": 34, "object_id": "77", "object_repr": "ProductImage object (77)", "action_flag": 1, "change_message": "[{\"added\": {}}]"}}, {"model": "admin.logentry", "pk": 460, "fields": {"action_time": "2020-10-17T03:27:50.105Z", "user": 1, "content_type": 34, "object_id": "78", "object_repr": "ProductImage object (78)", "action_flag": 1, "change_message": "[{\"added\": {}}]"}}, {"model": "admin.logentry", "pk": 461, "fields": {"action_time": "2020-10-17T03:28:05.709Z", "user": 1, "content_type": 34, "object_id": "79", "object_repr": "ProductImage object (79)", "action_flag": 1, "change_message": "[{\"added\": {}}]"}}, {"model": "admin.logentry", "pk": 462, "fields": {"action_time": "2020-10-17T03:28:20.587Z", "user": 1, "content_type": 34, "object_id": "80", "object_repr": "ProductImage object (80)", "action_flag": 1, "change_message": "[{\"added\": {}}]"}}, {"model": "admin.logentry", "pk": 463, "fields": {"action_time": "2020-10-17T03:28:33.623Z", "user": 1, "content_type": 34, "object_id": "81", "object_repr": "ProductImage object (81)", "action_flag": 1, "change_message": "[{\"added\": {}}]"}}, {"model": "admin.logentry", "pk": 464, "fields": {"action_time": "2020-10-17T03:28:45.973Z", "user": 1, "content_type": 34, "object_id": "82", "object_repr": "ProductImage object (82)", "action_flag": 1, "change_message": "[{\"added\": {}}]"}}, {"model": "admin.logentry", "pk": 465, "fields": {"action_time": "2020-10-17T03:31:00.122Z", "user": 1, "content_type": 53, "object_id": "18", "object_repr": "Product object (18)", "action_flag": 2, "change_message": "[]"}}, {"model": "admin.logentry", "pk": 466, "fields": {"action_time": "2020-10-17T03:32:29.419Z", "user": 1, "content_type": 34, "object_id": "83", "object_repr": "ProductImage object (83)", "action_flag": 1, "change_message": "[{\"added\": {}}]"}}, {"model": "admin.logentry", "pk": 467, "fields": {"action_time": "2020-10-17T03:32:51.842Z", "user": 1, "content_type": 34, "object_id": "84", "object_repr": "ProductImage object (84)", "action_flag": 1, "change_message": "[{\"added\": {}}]"}}, {"model": "admin.logentry", "pk": 468, "fields": {"action_time": "2020-10-17T03:33:23.096Z", "user": 1, "content_type": 34, "object_id": "82", "object_repr": "ProductImage object (82)", "action_flag": 2, "change_message": "[]"}}, {"model": "admin.logentry", "pk": 469, "fields": {"action_time": "2020-10-17T03:34:19.240Z", "user": 1, "content_type": 34, "object_id": "68", "object_repr": "ProductImage object (68)", "action_flag": 2, "change_message": "[{\"changed\": {\"fields\": [\"product_id\"]}}]"}}, {"model": "admin.logentry", "pk": 470, "fields": {"action_time": "2020-10-17T03:34:39.007Z", "user": 1, "content_type": 34, "object_id": "69", "object_repr": "ProductImage object (69)", "action_flag": 2, "change_message": "[{\"changed\": {\"fields\": [\"product_id\"]}}]"}}, {"model": "admin.logentry", "pk": 471, "fields": {"action_time": "2020-10-17T03:35:11.294Z", "user": 1, "content_type": 34, "object_id": "70", "object_repr": "ProductImage object (70)", "action_flag": 2, "change_message": "[{\"changed\": {\"fields\": [\"product_id\"]}}]"}}, {"model": "admin.logentry", "pk": 472, "fields": {"action_time": "2020-10-17T03:35:25.239Z", "user": 1, "content_type": 34, "object_id": "71", "object_repr": "ProductImage object (71)", "action_flag": 2, "change_message": "[{\"changed\": {\"fields\": [\"product_id\"]}}]"}}, {"model": "admin.logentry", "pk": 473, "fields": {"action_time": "2020-10-17T03:35:37.307Z", "user": 1, "content_type": 34, "object_id": "72", "object_repr": "ProductImage object (72)", "action_flag": 2, "change_message": "[{\"changed\": {\"fields\": [\"product_id\"]}}]"}}, {"model": "admin.logentry", "pk": 474, "fields": {"action_time": "2020-10-17T03:35:47.215Z", "user": 1, "content_type": 34, "object_id": "73", "object_repr": "ProductImage object (73)", "action_flag": 2, "change_message": "[{\"changed\": {\"fields\": [\"product_id\"]}}]"}}, {"model": "admin.logentry", "pk": 475, "fields": {"action_time": "2020-10-17T03:36:01.148Z", "user": 1, "content_type": 34, "object_id": "74", "object_repr": "ProductImage object (74)", "action_flag": 2, "change_message": "[{\"changed\": {\"fields\": [\"product_id\"]}}]"}}, {"model": "admin.logentry", "pk": 476, "fields": {"action_time": "2020-10-17T03:36:19.062Z", "user": 1, "content_type": 34, "object_id": "75", "object_repr": "ProductImage object (75)", "action_flag": 2, "change_message": "[{\"changed\": {\"fields\": [\"product_id\"]}}]"}}, {"model": "admin.logentry", "pk": 477, "fields": {"action_time": "2020-10-17T03:36:29.440Z", "user": 1, "content_type": 34, "object_id": "76", "object_repr": "ProductImage object (76)", "action_flag": 2, "change_message": "[{\"changed\": {\"fields\": [\"product_id\"]}}]"}}, {"model": "admin.logentry", "pk": 478, "fields": {"action_time": "2020-10-17T03:36:44.408Z", "user": 1, "content_type": 34, "object_id": "77", "object_repr": "ProductImage object (77)", "action_flag": 2, "change_message": "[{\"changed\": {\"fields\": [\"product_id\"]}}]"}}, {"model": "admin.logentry", "pk": 479, "fields": {"action_time": "2020-10-17T03:36:55.505Z", "user": 1, "content_type": 34, "object_id": "78", "object_repr": "ProductImage object (78)", "action_flag": 2, "change_message": "[{\"changed\": {\"fields\": [\"product_id\"]}}]"}}, {"model": "admin.logentry", "pk": 480, "fields": {"action_time": "2020-10-17T03:37:05.416Z", "user": 1, "content_type": 34, "object_id": "79", "object_repr": "ProductImage object (79)", "action_flag": 2, "change_message": "[{\"changed\": {\"fields\": [\"product_id\"]}}]"}}, {"model": "admin.logentry", "pk": 481, "fields": {"action_time": "2020-10-17T03:37:21.008Z", "user": 1, "content_type": 34, "object_id": "80", "object_repr": "ProductImage object (80)", "action_flag": 2, "change_message": "[{\"changed\": {\"fields\": [\"product_id\"]}}]"}}, {"model": "admin.logentry", "pk": 482, "fields": {"action_time": "2020-10-17T03:37:29.359Z", "user": 1, "content_type": 34, "object_id": "81", "object_repr": "ProductImage object (81)", "action_flag": 2, "change_message": "[{\"changed\": {\"fields\": [\"product_id\"]}}]"}}, {"model": "admin.logentry", "pk": 483, "fields": {"action_time": "2020-10-17T03:37:42.416Z", "user": 1, "content_type": 34, "object_id": "82", "object_repr": "ProductImage object (82)", "action_flag": 2, "change_message": "[{\"changed\": {\"fields\": [\"product_id\"]}}]"}}, {"model": "admin.logentry", "pk": 484, "fields": {"action_time": "2020-10-17T03:37:53.440Z", "user": 1, "content_type": 34, "object_id": "83", "object_repr": "ProductImage object (83)", "action_flag": 2, "change_message": "[{\"changed\": {\"fields\": [\"product_id\"]}}]"}}, {"model": "admin.logentry", "pk": 485, "fields": {"action_time": "2020-10-17T03:38:02.727Z", "user": 1, "content_type": 34, "object_id": "84", "object_repr": "ProductImage object (84)", "action_flag": 2, "change_message": "[{\"changed\": {\"fields\": [\"product_id\"]}}]"}}, {"model": "admin.logentry", "pk": 486, "fields": {"action_time": "2020-10-17T03:39:17.217Z", "user": 1, "content_type": 34, "object_id": "84", "object_repr": "ProductImage object (84)", "action_flag": 2, "change_message": "[]"}}, {"model": "admin.logentry", "pk": 487, "fields": {"action_time": "2020-10-17T03:39:37.817Z", "user": 1, "content_type": 34, "object_id": "85", "object_repr": "ProductImage object (85)", "action_flag": 1, "change_message": "[{\"added\": {}}]"}}, {"model": "admin.logentry", "pk": 488, "fields": {"action_time": "2020-10-17T03:39:56.482Z", "user": 1, "content_type": 34, "object_id": "86", "object_repr": "ProductImage object (86)", "action_flag": 1, "change_message": "[{\"added\": {}}]"}}, {"model": "admin.logentry", "pk": 489, "fields": {"action_time": "2020-10-17T03:40:12.359Z", "user": 1, "content_type": 34, "object_id": "87", "object_repr": "ProductImage object (87)", "action_flag": 1, "change_message": "[{\"added\": {}}]"}}, {"model": "admin.logentry", "pk": 490, "fields": {"action_time": "2020-10-17T03:47:12.425Z", "user": 1, "content_type": 34, "object_id": "69", "object_repr": "ProductImage object (69)", "action_flag": 3, "change_message": ""}}, {"model": "admin.logentry", "pk": 491, "fields": {"action_time": "2020-10-17T03:50:42.125Z", "user": 1, "content_type": 34, "object_id": "88", "object_repr": "ProductImage object (88)", "action_flag": 1, "change_message": "[{\"added\": {}}]"}}, {"model": "admin.logentry", "pk": 492, "fields": {"action_time": "2020-10-17T03:50:54.062Z", "user": 1, "content_type": 34, "object_id": "89", "object_repr": "ProductImage object (89)", "action_flag": 1, "change_message": "[{\"added\": {}}]"}}, {"model": "admin.logentry", "pk": 493, "fields": {"action_time": "2020-10-17T03:50:58.821Z", "user": 1, "content_type": 34, "object_id": "88", "object_repr": "ProductImage object (88)", "action_flag": 2, "change_message": "[]"}}, {"model": "admin.logentry", "pk": 494, "fields": {"action_time": "2020-10-17T03:51:09.432Z", "user": 1, "content_type": 34, "object_id": "90", "object_repr": "ProductImage object (90)", "action_flag": 1, "change_message": "[{\"added\": {}}]"}}, {"model": "admin.logentry", "pk": 495, "fields": {"action_time": "2020-10-17T04:05:00.727Z", "user": 1, "content_type": 53, "object_id": "17", "object_repr": "Product object (17)", "action_flag": 2, "change_message": "[]"}}, {"model": "admin.logentry", "pk": 496, "fields": {"action_time": "2020-10-17T04:08:34.294Z", "user": 1, "content_type": 53, "object_id": "21", "object_repr": "Product object (21)", "action_flag": 1, "change_message": "[{\"added\": {}}]"}}, {"model": "admin.logentry", "pk": 497, "fields": {"action_time": "2020-10-17T04:11:34.983Z", "user": 1, "content_type": 53, "object_id": "21", "object_repr": "Product object (21)", "action_flag": 2, "change_message": "[{\"changed\": {\"fields\": [\"description\", \"key_features\"]}}]"}}, {"model": "admin.logentry", "pk": 498, "fields": {"action_time": "2020-10-17T04:14:31.895Z", "user": 1, "content_type": 53, "object_id": "22", "object_repr": "Product object (22)", "action_flag": 1, "change_message": "[{\"added\": {}}]"}}, {"model": "admin.logentry", "pk": 499, "fields": {"action_time": "2020-10-17T04:18:23.081Z", "user": 1, "content_type": 53, "object_id": "23", "object_repr": "Product object (23)", "action_flag": 1, "change_message": "[{\"added\": {}}]"}}, {"model": "admin.logentry", "pk": 500, "fields": {"action_time": "2020-10-17T04:22:35.825Z", "user": 1, "content_type": 53, "object_id": "24", "object_repr": "Product object (24)", "action_flag": 1, "change_message": "[{\"added\": {}}]"}}]